"language","cpId","qlId","esId","difficulty","taskKind","answerType","question","answer","explanation","validation"
"hi","RAP-CP-001","RAP-QL-001","RAP-ES-001","Easy","simpleLinkage","RATIO","यदि लड़के:छात्र का अनुपात 5:6 है और छात्र:लड़कियां का अनुपात 6:7 है, तो लड़के:छात्र:लड़कियां का संयुक्त अनुपात क्या होगा?","5:6:7","दिए गए संबंध को ध्यान से देखें। | Make the common middle term equal in both ratios. | After scaling, the linked ratio is 5:6:7. | आवश्यक मान: 5:6:7 | अतः आवश्यक मान 5:6:7 है।","PASS"
"hi","RAP-CP-001","RAP-QL-004","RAP-ES-001","Easy","scalingByComponent","COUNT","किसी छात्र में लड़के और शिक्षक का अनुपात 2:3 है। यदि वहाँ 40 लड़के हैं, तो शिक्षक की संख्या कितनी है?","60","दिए गए संबंध को ध्यान से देखें। | One ratio part = 20. | Multiply this unit value by the required ratio part. | आवश्यक मान: 60 | अतः आवश्यक मान 60 है।","PASS"
"hi","RAP-CP-001","RAP-QL-001","RAP-ES-001","Easy","simpleLinkage","RATIO","यदि लड़के:छात्र का अनुपात 7:8 है और छात्र:लड़कियां का अनुपात 8:1 है, तो लड़के:छात्र:लड़कियां का संयुक्त अनुपात क्या होगा?","7:8:1","दिए गए संबंध को ध्यान से देखें। | Make the common middle term equal in both ratios. | After scaling, the linked ratio is 7:8:1. | आवश्यक मान: 7:8:1 | अतः आवश्यक मान 7:8:1 है।","PASS"
"hi","RAP-CP-001","RAP-QL-004","RAP-ES-001","Easy","scalingByComponent","COUNT","किसी लड़कियां में लड़के और शिक्षक का अनुपात 4:5 है। यदि वहाँ 68 लड़के हैं, तो शिक्षक की संख्या कितनी है?","85","दिए गए संबंध को ध्यान से देखें। | One ratio part = 17. | Multiply this unit value by the required ratio part. | आवश्यक मान: 85 | अतः आवश्यक मान 85 है।","PASS"
"hi","RAP-CP-001","RAP-QL-001","RAP-ES-001","Easy","simpleLinkage","RATIO","यदि लड़के:छात्र का अनुपात 1:2 है और छात्र:लड़कियां का अनुपात 2:3 है, तो लड़के:छात्र:लड़कियां का संयुक्त अनुपात क्या होगा?","1:2:3","दिए गए संबंध को ध्यान से देखें। | Make the common middle term equal in both ratios. | After scaling, the linked ratio is 1:2:3. | आवश्यक मान: 1:2:3 | अतः आवश्यक मान 1:2:3 है।","PASS"
"hi","RAP-CP-001","RAP-QL-004","RAP-ES-001","Easy","scalingByComponent","COUNT","किसी लड़के में लड़कियां और छात्र का अनुपात 6:7 है। यदि वहाँ 84 लड़कियां हैं, तो छात्र की संख्या कितनी है?","98","दिए गए संबंध को ध्यान से देखें। | One ratio part = 14. | Multiply this unit value by the required ratio part. | आवश्यक मान: 98 | अतः आवश्यक मान 98 है।","PASS"
"hi","RAP-CP-001","RAP-QL-001","RAP-ES-001","Easy","simpleLinkage","RATIO","यदि छात्र:लड़कियां का अनुपात 3:4 है और लड़कियां:लड़के का अनुपात 4:5 है, तो छात्र:लड़कियां:लड़के का संयुक्त अनुपात क्या होगा?","3:4:5","दिए गए संबंध को ध्यान से देखें। | Make the common middle term equal in both ratios. | After scaling, the linked ratio is 3:4:5. | आवश्यक मान: 3:4:5 | अतः आवश्यक मान 3:4:5 है।","PASS"
"hi","RAP-CP-001","RAP-QL-004","RAP-ES-001","Easy","scalingByComponent","COUNT","किसी छात्र में लड़के और शिक्षक का अनुपात 8:1 है। यदि वहाँ 88 लड़के हैं, तो शिक्षक की संख्या कितनी है?","11","दिए गए संबंध को ध्यान से देखें। | One ratio part = 11. | Multiply this unit value by the required ratio part. | आवश्यक मान: 11 | अतः आवश्यक मान 11 है।","PASS"
"hi","RAP-CP-001","RAP-QL-001","RAP-ES-001","Easy","simpleLinkage","RATIO","यदि छात्र:लड़के का अनुपात 5:6 है और लड़के:शिक्षक का अनुपात 6:7 है, तो छात्र:लड़के:शिक्षक का संयुक्त अनुपात क्या होगा?","5:6:7","दिए गए संबंध को ध्यान से देखें। | Make the common middle term equal in both ratios. | After scaling, the linked ratio is 5:6:7. | आवश्यक मान: 5:6:7 | अतः आवश्यक मान 5:6:7 है।","PASS"
"hi","RAP-CP-001","RAP-QL-004","RAP-ES-001","Easy","scalingByComponent","COUNT","किसी लड़कियां में लड़के और शिक्षक का अनुपात 2:3 है। यदि वहाँ 4 लड़के हैं, तो शिक्षक की संख्या कितनी है?","6","दिए गए संबंध को ध्यान से देखें। | One ratio part = 2. | Multiply this unit value by the required ratio part. | आवश्यक मान: 6 | अतः आवश्यक मान 6 है।","PASS"
"hi","RAP-CP-001","RAP-QL-002","RAP-ES-001","Medium","ratioNormalization","RATIO","2/2 : 6/3 के बराबर सबसे सरल पूर्ण संख्या अनुपात क्या है?","1:2","Convert both terms to whole-number form. | Integer terms become 1 and 2. | सरल करते समय आधार मान को स्पष्ट रखें। | Required ratio = 1:2. आवश्यक मान: 1:2 | अतः सही उत्तर 1:2 है।","PASS"
"hi","RAP-CP-001","RAP-QL-006","RAP-ES-001","Medium","decimalNormalization","RATIO","दशमलव अनुपात 1 : 2.7 के बराबर सबसे सरल पूर्ण संख्या अनुपात क्या होगा?","10:27","Convert both terms to whole-number form. | Integer terms become 10 and 27. | सरल करते समय आधार मान को स्पष्ट रखें। | Required ratio = 10:27. आवश्यक मान: 10:27 | अतः सही उत्तर 10:27 है।","PASS"
"hi","RAP-CP-001","RAP-QL-002","RAP-ES-001","Medium","ratioNormalization","RATIO","6/2 : 3/3 के बराबर सबसे सरल पूर्ण संख्या अनुपात क्या है?","3:1","Convert both terms to whole-number form. | Integer terms become 3 and 1. | सरल करते समय आधार मान को स्पष्ट रखें। | Required ratio = 3:1. आवश्यक मान: 3:1 | अतः सही उत्तर 3:1 है।","PASS"
"hi","RAP-CP-001","RAP-QL-006","RAP-ES-001","Medium","decimalNormalization","RATIO","दशमलव अनुपात 1.2 : 2.9 के बराबर सबसे सरल पूर्ण संख्या अनुपात क्या होगा?","12:29","Convert both terms to whole-number form. | Integer terms become 12 and 29. | सरल करते समय आधार मान को स्पष्ट रखें। | Required ratio = 12:29. आवश्यक मान: 12:29 | अतः सही उत्तर 12:29 है।","PASS"
"hi","RAP-CP-001","RAP-QL-002","RAP-ES-001","Medium","ratioNormalization","RATIO","4/2 : 9/3 के बराबर सबसे सरल पूर्ण संख्या अनुपात क्या है?","2:3","Convert both terms to whole-number form. | Integer terms become 2 and 3. | सरल करते समय आधार मान को स्पष्ट रखें। | Required ratio = 2:3. आवश्यक मान: 2:3 | अतः सही उत्तर 2:3 है।","PASS"
"hi","RAP-CP-001","RAP-QL-006","RAP-ES-001","Medium","decimalNormalization","RATIO","दशमलव अनुपात 1.4 : 1.5 के बराबर सबसे सरल पूर्ण संख्या अनुपात क्या होगा?","14:15","Convert both terms to whole-number form. | Integer terms become 14 and 15. | सरल करते समय आधार मान को स्पष्ट रखें। | Required ratio = 14:15. आवश्यक मान: 14:15 | अतः सही उत्तर 14:15 है।","PASS"
"hi","RAP-CP-001","RAP-QL-002","RAP-ES-001","Medium","ratioNormalization","RATIO","2/2 : 6/3 के बराबर सबसे सरल पूर्ण संख्या अनुपात क्या है?","1:2","Convert both terms to whole-number form. | Integer terms become 1 and 2. | सरल करते समय आधार मान को स्पष्ट रखें। | Required ratio = 1:2. आवश्यक मान: 1:2 | अतः सही उत्तर 1:2 है।","PASS"
"hi","RAP-CP-001","RAP-QL-006","RAP-ES-001","Medium","decimalNormalization","RATIO","दशमलव अनुपात 1.6 : 1.7 के बराबर सबसे सरल पूर्ण संख्या अनुपात क्या होगा?","16:17","Convert both terms to whole-number form. | Integer terms become 16 and 17. | सरल करते समय आधार मान को स्पष्ट रखें। | Required ratio = 16:17. आवश्यक मान: 16:17 | अतः सही उत्तर 16:17 है।","PASS"
"hi","RAP-CP-001","RAP-QL-002","RAP-ES-001","Medium","ratioNormalization","RATIO","6/2 : 3/3 के बराबर सबसे सरल पूर्ण संख्या अनुपात क्या है?","3:1","Convert both terms to whole-number form. | Integer terms become 3 and 1. | सरल करते समय आधार मान को स्पष्ट रखें। | Required ratio = 3:1. आवश्यक मान: 3:1 | अतः सही उत्तर 3:1 है।","PASS"
"hi","RAP-CP-001","RAP-QL-006","RAP-ES-001","Medium","decimalNormalization","RATIO","दशमलव अनुपात 1.8 : 1.9 के बराबर सबसे सरल पूर्ण संख्या अनुपात क्या होगा?","18:19","Convert both terms to whole-number form. | Integer terms become 18 and 19. | सरल करते समय आधार मान को स्पष्ट रखें। | Required ratio = 18:19. आवश्यक मान: 18:19 | अतः सही उत्तर 18:19 है।","PASS"
"hi","RAP-CP-001","RAP-QL-003","RAP-ES-001","Hard","ratioTreeLinkage","RATIO","यदि लड़के:छात्र = 2:3, छात्र:लड़कियां = 3:4 और लड़कियां:शिक्षक = 4:5 हो, तो लड़के और शिक्षक के बीच का अनुपात क्या होगा?","2:5","दिए गए संबंध को ध्यान से देखें। | Multiply the linked ratio terms step by step. | The required end ratio is 2:5. | आवश्यक मान: 2:5 | अतः आवश्यक मान 2:5 है।","PASS"
"hi","RAP-CP-001","RAP-QL-003","RAP-ES-001","Hard","ratioTreeLinkage","RATIO","यदि लड़के:छात्र = 1:2, छात्र:लड़कियां = 2:3 और लड़कियां:शिक्षक = 3:4 हो, तो लड़के और शिक्षक के बीच का अनुपात क्या होगा?","1:4","दिए गए संबंध को ध्यान से देखें। | Multiply the linked ratio terms step by step. | The required end ratio is 1:4. | आवश्यक मान: 1:4 | अतः आवश्यक मान 1:4 है।","PASS"
"hi","RAP-CP-001","RAP-QL-003","RAP-ES-001","Hard","ratioTreeLinkage","RATIO","यदि छात्र:लड़के = 8:1, लड़के:लड़कियां = 1:2 और लड़कियां:शिक्षक = 2:3 हो, तो छात्र और शिक्षक के बीच का अनुपात क्या होगा?","8:3","दिए गए संबंध को ध्यान से देखें। | Multiply the linked ratio terms step by step. | The required end ratio is 8:3. | आवश्यक मान: 8:3 | अतः आवश्यक मान 8:3 है।","PASS"
"hi","RAP-CP-001","RAP-QL-003","RAP-ES-001","Hard","ratioTreeLinkage","RATIO","यदि शिक्षक:लड़कियां = 7:8, लड़कियां:लड़के = 8:1 और लड़के:छात्र = 1:2 हो, तो शिक्षक और छात्र के बीच का अनुपात क्या होगा?","7:2","दिए गए संबंध को ध्यान से देखें। | Multiply the linked ratio terms step by step. | The required end ratio is 7:2. | आवश्यक मान: 7:2 | अतः आवश्यक मान 7:2 है।","PASS"
"hi","RAP-CP-001","RAP-QL-003","RAP-ES-001","Hard","ratioTreeLinkage","RATIO","यदि शिक्षक:लड़के = 6:7, लड़के:छात्र = 7:8 और छात्र:लड़कियां = 8:1 हो, तो शिक्षक और लड़कियां के बीच का अनुपात क्या होगा?","6:1","दिए गए संबंध को ध्यान से देखें। | Multiply the linked ratio terms step by step. | The required end ratio is 6:1. | आवश्यक मान: 6:1 | अतः आवश्यक मान 6:1 है।","PASS"
"hi","RAP-CP-001","RAP-QL-003","RAP-ES-001","Hard","ratioTreeLinkage","RATIO","यदि छात्र:लड़के = 5:6, लड़के:शिक्षक = 6:7 और शिक्षक:लड़कियां = 7:8 हो, तो छात्र और लड़कियां के बीच का अनुपात क्या होगा?","5:8","दिए गए संबंध को ध्यान से देखें। | Multiply the linked ratio terms step by step. | The required end ratio is 5:8. | आवश्यक मान: 5:8 | अतः आवश्यक मान 5:8 है।","PASS"
"hi","RAP-CP-001","RAP-QL-003","RAP-ES-001","Hard","ratioTreeLinkage","RATIO","यदि छात्र:लड़के = 4:5, लड़के:लड़कियां = 5:6 और लड़कियां:शिक्षक = 6:7 हो, तो छात्र और शिक्षक के बीच का अनुपात क्या होगा?","4:7","दिए गए संबंध को ध्यान से देखें। | Multiply the linked ratio terms step by step. | The required end ratio is 4:7. | आवश्यक मान: 4:7 | अतः आवश्यक मान 4:7 है।","PASS"
"hi","RAP-CP-001","RAP-QL-003","RAP-ES-001","Hard","ratioTreeLinkage","RATIO","यदि छात्र:लड़के = 3:4, लड़के:शिक्षक = 4:5 और शिक्षक:लड़कियां = 5:6 हो, तो छात्र और लड़कियां के बीच का अनुपात क्या होगा?","1:2","दिए गए संबंध को ध्यान से देखें। | Multiply the linked ratio terms step by step. | The required end ratio is 1:2. | आवश्यक मान: 1:2 | अतः आवश्यक मान 1:2 है।","PASS"
"hi","RAP-CP-001","RAP-QL-003","RAP-ES-001","Hard","ratioTreeLinkage","RATIO","यदि छात्र:लड़के = 2:3, लड़के:लड़कियां = 3:4 और लड़कियां:शिक्षक = 4:5 हो, तो छात्र और शिक्षक के बीच का अनुपात क्या होगा?","2:5","दिए गए संबंध को ध्यान से देखें। | Multiply the linked ratio terms step by step. | The required end ratio is 2:5. | आवश्यक मान: 2:5 | अतः आवश्यक मान 2:5 है।","PASS"
"hi","RAP-CP-001","RAP-QL-003","RAP-ES-001","Hard","ratioTreeLinkage","RATIO","यदि लड़कियां:लड़के = 1:2, लड़के:छात्र = 2:3 और छात्र:शिक्षक = 3:4 हो, तो लड़कियां और शिक्षक के बीच का अनुपात क्या होगा?","1:4","दिए गए संबंध को ध्यान से देखें। | Multiply the linked ratio terms step by step. | The required end ratio is 1:4. | आवश्यक मान: 1:4 | अतः आवश्यक मान 1:4 है।","PASS"
"hi","RAP-CP-002","RAP-QL-011","RAP-ES-002","Easy","salaryDistribution","ABSOLUTE","लड़कियां के मासिक खर्च और बचत का अनुपात 3:3 है। यदि कुल वेतन Rs. 25200 है, तो लड़कियां हर महीने कितने रुपये बचाता है?","12600","Expense and saving ratio parts are 3 and 3. | One part = 4200. | Required saving = 12600. आवश्यक मान: 12600 | अब गणना को ध्यान से सरल करें। | इसलिए, उत्तर 12600 है।","PASS"
"hi","RAP-CP-002","RAP-QL-011","RAP-ES-002","Easy","salaryDistribution","ABSOLUTE","छात्र के मासिक खर्च और बचत का अनुपात 4:3 है। यदि कुल वेतन Rs. 28700 है, तो छात्र हर महीने कितने रुपये बचाता है?","12300","Expense and saving ratio parts are 4 and 3. | One part = 4100. | Required saving = 12300. आवश्यक मान: 12300 | अब गणना को ध्यान से सरल करें। | इसलिए, उत्तर 12300 है।","PASS"
"hi","RAP-CP-002","RAP-QL-011","RAP-ES-002","Easy","salaryDistribution","ABSOLUTE","लड़के के मासिक खर्च और बचत का अनुपात 5:3 है। यदि कुल वेतन Rs. 32000 है, तो लड़के हर महीने कितने रुपये बचाता है?","12000","Expense and saving ratio parts are 5 and 3. | One part = 4000. | Required saving = 12000. आवश्यक मान: 12000 | अब गणना को ध्यान से सरल करें। | इसलिए, उत्तर 12000 है।","PASS"
"hi","RAP-CP-002","RAP-QL-011","RAP-ES-002","Easy","salaryDistribution","ABSOLUTE","लड़कियां के मासिक खर्च और बचत का अनुपात 6:3 है। यदि कुल वेतन Rs. 35100 है, तो लड़कियां हर महीने कितने रुपये बचाता है?","11700","Expense and saving ratio parts are 6 and 3. | One part = 3900. | Required saving = 11700. आवश्यक मान: 11700 | अब गणना को ध्यान से सरल करें। | इसलिए, उत्तर 11700 है।","PASS"
"hi","RAP-CP-002","RAP-QL-011","RAP-ES-002","Easy","salaryDistribution","ABSOLUTE","छात्र के मासिक खर्च और बचत का अनुपात 7:3 है। यदि कुल वेतन Rs. 38000 है, तो छात्र हर महीने कितने रुपये बचाता है?","11400","Expense and saving ratio parts are 7 and 3. | One part = 3800. | Required saving = 11400. आवश्यक मान: 11400 | अब गणना को ध्यान से सरल करें। | इसलिए, उत्तर 11400 है।","PASS"
"hi","RAP-CP-002","RAP-QL-011","RAP-ES-002","Easy","salaryDistribution","ABSOLUTE","लड़के के मासिक खर्च और बचत का अनुपात 8:3 है। यदि कुल वेतन Rs. 40700 है, तो लड़के हर महीने कितने रुपये बचाता है?","11100","Expense and saving ratio parts are 8 and 3. | One part = 3700. | Required saving = 11100. आवश्यक मान: 11100 | अब गणना को ध्यान से सरल करें। | इसलिए, उत्तर 11100 है।","PASS"
"hi","RAP-CP-002","RAP-QL-011","RAP-ES-002","Easy","salaryDistribution","ABSOLUTE","लड़कियां के मासिक खर्च और बचत का अनुपात 2:3 है। यदि कुल वेतन Rs. 18000 है, तो लड़कियां हर महीने कितने रुपये बचाता है?","10800","Expense and saving ratio parts are 2 and 3. | One part = 3600. | Required saving = 10800. आवश्यक मान: 10800 | अब गणना को ध्यान से सरल करें। | इसलिए, उत्तर 10800 है।","PASS"
"hi","RAP-CP-002","RAP-QL-011","RAP-ES-002","Easy","salaryDistribution","ABSOLUTE","छात्र के मासिक खर्च और बचत का अनुपात 3:3 है। यदि कुल वेतन Rs. 21000 है, तो छात्र हर महीने कितने रुपये बचाता है?","10500","Expense and saving ratio parts are 3 and 3. | One part = 3500. | Required saving = 10500. आवश्यक मान: 10500 | अब गणना को ध्यान से सरल करें। | इसलिए, उत्तर 10500 है।","PASS"
"hi","RAP-CP-002","RAP-QL-011","RAP-ES-002","Easy","salaryDistribution","ABSOLUTE","लड़के के मासिक खर्च और बचत का अनुपात 4:3 है। यदि कुल वेतन Rs. 23800 है, तो लड़के हर महीने कितने रुपये बचाता है?","10200","Expense and saving ratio parts are 4 and 3. | One part = 3400. | Required saving = 10200. आवश्यक मान: 10200 | अब गणना को ध्यान से सरल करें। | इसलिए, उत्तर 10200 है।","PASS"
"hi","RAP-CP-002","RAP-QL-011","RAP-ES-002","Easy","salaryDistribution","ABSOLUTE","लड़कियां के मासिक खर्च और बचत का अनुपात 5:3 है। यदि कुल वेतन Rs. 26400 है, तो लड़कियां हर महीने कितने रुपये बचाता है?","9900","Expense and saving ratio parts are 5 and 3. | One part = 3300. | Required saving = 9900. आवश्यक मान: 9900 | अब गणना को ध्यान से सरल करें। | इसलिए, उत्तर 9900 है।","PASS"
"hi","RAP-CP-002","RAP-QL-008","RAP-ES-002","Medium","shareDifference","ABSOLUTE","Rs. 4200 को लड़के, छात्र और लड़कियां के बीच 8:7:6 के अनुपात में बांटा जाता है। लड़के को लड़कियां से कितने रुपये अधिक मिलते हैं?","400","अब दिए गए मानों से गणना करें। | First find one part from the total ratio. | One part = 200. | The calculation gives 400. | इसलिए, अंतिम उत्तर 400 है।","PASS"
"hi","RAP-CP-002","RAP-QL-007","RAP-ES-002","Medium","basicPartition","ABSOLUTE","Rs. 990 की राशि को लड़के, छात्र और लड़कियां के बीच 8:1:2 के अनुपात में बांटा गया है। लड़कियां का हिस्सा कितना होगा?","180","दिए गए संबंध को ध्यान से देखें। | Ratio parts are 8, 1 and 2. | Sum of parts = 11. | One part = 990 / 11 = 90. Required share = 180. आवश्यक मान: 180 | अतः आवश्यक मान 180 है।","PASS"
"hi","RAP-CP-002","RAP-QL-008","RAP-ES-002","Medium","shareDifference","ABSOLUTE","Rs. 2040 को लड़के, लड़कियां और शिक्षक के बीच 6:5:1 के अनुपात में बांटा जाता है। लड़के को शिक्षक से कितने रुपये अधिक मिलते हैं?","850","अब दिए गए मानों से गणना करें। | First find one part from the total ratio. | One part = 170. | The calculation gives 850. | इसलिए, अंतिम उत्तर 850 है।","PASS"
"hi","RAP-CP-002","RAP-QL-007","RAP-ES-002","Medium","basicPartition","ABSOLUTE","Rs. 540 की राशि को छात्र, लड़कियां और लड़के के बीच 2:3:4 के अनुपात में बांटा गया है। लड़के का हिस्सा कितना होगा?","240","दिए गए संबंध को ध्यान से देखें। | Ratio parts are 2, 3 and 4. | Sum of parts = 9. | One part = 540 / 9 = 60. Required share = 240. आवश्यक मान: 240 | अतः आवश्यक मान 240 है।","PASS"
"hi","RAP-CP-002","RAP-QL-008","RAP-ES-002","Medium","shareDifference","ABSOLUTE","Rs. 1400 को शिक्षक, लड़के और छात्र के बीच 4:3:3 के अनुपात में बांटा जाता है। शिक्षक को छात्र से कितने रुपये अधिक मिलते हैं?","140","अब दिए गए मानों से गणना करें। | First find one part from the total ratio. | One part = 140. | The calculation gives 140. | इसलिए, अंतिम उत्तर 140 है।","PASS"
"hi","RAP-CP-002","RAP-QL-007","RAP-ES-002","Medium","basicPartition","ABSOLUTE","Rs. 450 की राशि को छात्र, लड़के और शिक्षक के बीच 4:5:6 के अनुपात में बांटा गया है। लड़के का हिस्सा कितना होगा?","150","दिए गए संबंध को ध्यान से देखें। | Ratio parts are 4, 5 and 6. | Sum of parts = 15. | One part = 450 / 15 = 30. Required share = 150. आवश्यक मान: 150 | अतः आवश्यक मान 150 है।","PASS"
"hi","RAP-CP-002","RAP-QL-008","RAP-ES-002","Medium","shareDifference","ABSOLUTE","Rs. 1760 को छात्र, लड़के और लड़कियां के बीच 6:5:5 के अनुपात में बांटा जाता है। छात्र को लड़कियां से कितने रुपये अधिक मिलते हैं?","110","अब दिए गए मानों से गणना करें। | First find one part from the total ratio. | One part = 110. | The calculation gives 110. | इसलिए, अंतिम उत्तर 110 है।","PASS"
"hi","RAP-CP-002","RAP-QL-007","RAP-ES-002","Medium","basicPartition","ABSOLUTE","Rs. 3990 की राशि को लड़कियां, लड़के और छात्र के बीच 6:7:8 के अनुपात में बांटा गया है। लड़कियां का हिस्सा कितना होगा?","1140","दिए गए संबंध को ध्यान से देखें। | Ratio parts are 6, 7 and 8. | Sum of parts = 21. | One part = 3990 / 21 = 190. Required share = 1140. आवश्यक मान: 1140 | अतः आवश्यक मान 1140 है।","PASS"
"hi","RAP-CP-002","RAP-QL-008","RAP-ES-002","Medium","shareDifference","ABSOLUTE","Rs. 800 को छात्र, लड़के और लड़कियां के बीच 4:3:3 के अनुपात में बांटा जाता है। छात्र को लड़कियां से कितने रुपये अधिक मिलते हैं?","80","अब दिए गए मानों से गणना करें। | First find one part from the total ratio. | One part = 80. | The calculation gives 80. | इसलिए, अंतिम उत्तर 80 है।","PASS"
"hi","RAP-CP-002","RAP-QL-007","RAP-ES-002","Medium","basicPartition","ABSOLUTE","Rs. 1760 की राशि को लड़कियां, लड़के और छात्र के बीच 8:1:2 के अनुपात में बांटा गया है। छात्र का हिस्सा कितना होगा?","320","दिए गए संबंध को ध्यान से देखें। | Ratio parts are 8, 1 and 2. | Sum of parts = 11. | One part = 1760 / 11 = 160. Required share = 320. आवश्यक मान: 320 | अतः आवश्यक मान 320 है।","PASS"
"hi","RAP-CP-002","RAP-QL-009","RAP-ES-002","Hard","reversePartition","ABSOLUTE","छात्र, लड़के और लड़कियां के हिस्से 5:4:4 के अनुपात में हैं। यदि छात्र को लड़कियां से Rs. 70 अधिक मिलते हैं, तो कुल कितनी राशि बांटी गई थी?","910","अब दिए गए मानों से गणना करें। | आवश्यक मान: difference equals difference of ratio parts times one part. | One part = 70 / 1 = 70. | The calculation gives 910. | इसलिए, अंतिम उत्तर 910 है।","PASS"
"hi","RAP-CP-002","RAP-QL-009","RAP-ES-002","Hard","reversePartition","ABSOLUTE","छात्र, शिक्षक और लड़कियां के हिस्से 6:5:5 के अनुपात में हैं। यदि छात्र को लड़कियां से Rs. 150 अधिक मिलते हैं, तो कुल कितनी राशि बांटी गई थी?","2400","अब दिए गए मानों से गणना करें। | आवश्यक मान: difference equals difference of ratio parts times one part. | One part = 150 / 1 = 150. | The calculation gives 2400. | इसलिए, अंतिम उत्तर 2400 है।","PASS"
"hi","RAP-CP-002","RAP-QL-009","RAP-ES-002","Hard","reversePartition","ABSOLUTE","लड़कियां, लड़के और छात्र के हिस्से 9:2:6 के अनुपात में हैं। यदि लड़कियां को छात्र से Rs. 120 अधिक मिलते हैं, तो कुल कितनी राशि बांटी गई थी?","680","अब दिए गए मानों से गणना करें। | आवश्यक मान: difference equals difference of ratio parts times one part. | One part = 120 / 3 = 40. | The calculation gives 680. | इसलिए, अंतिम उत्तर 680 है।","PASS"
"hi","RAP-CP-002","RAP-QL-009","RAP-ES-002","Hard","reversePartition","ABSOLUTE","लड़कियां, लड़के और छात्र के हिस्से 4:3:3 के अनुपात में हैं। यदि लड़कियां को छात्र से Rs. 120 अधिक मिलते हैं, तो कुल कितनी राशि बांटी गई थी?","1200","अब दिए गए मानों से गणना करें। | आवश्यक मान: difference equals difference of ratio parts times one part. | One part = 120 / 1 = 120. | The calculation gives 1200. | इसलिए, अंतिम उत्तर 1200 है।","PASS"
"hi","RAP-CP-002","RAP-QL-009","RAP-ES-002","Hard","reversePartition","ABSOLUTE","लड़कियां, शिक्षक और छात्र के हिस्से 5:4:4 के अनुपात में हैं। यदि लड़कियां को छात्र से Rs. 200 अधिक मिलते हैं, तो कुल कितनी राशि बांटी गई थी?","2600","अब दिए गए मानों से गणना करें। | आवश्यक मान: difference equals difference of ratio parts times one part. | One part = 200 / 1 = 200. | The calculation gives 2600. | इसलिए, अंतिम उत्तर 2600 है।","PASS"
"hi","RAP-CP-002","RAP-QL-009","RAP-ES-002","Hard","reversePartition","ABSOLUTE","लड़कियां, शिक्षक और लड़के के हिस्से 8:7:4 के अनुपात में हैं। यदि लड़कियां को लड़के से Rs. 360 अधिक मिलते हैं, तो कुल कितनी राशि बांटी गई थी?","1710","अब दिए गए मानों से गणना करें। | आवश्यक मान: difference equals difference of ratio parts times one part. | One part = 360 / 4 = 90. | The calculation gives 1710. | इसलिए, अंतिम उत्तर 1710 है।","PASS"
"hi","RAP-CP-002","RAP-QL-009","RAP-ES-002","Hard","reversePartition","ABSOLUTE","लड़के, छात्र और लड़कियां के हिस्से 9:2:2 के अनुपात में हैं। यदि लड़के को लड़कियां से Rs. 1190 अधिक मिलते हैं, तो कुल कितनी राशि बांटी गई थी?","2210","अब दिए गए मानों से गणना करें। | आवश्यक मान: difference equals difference of ratio parts times one part. | One part = 1190 / 7 = 170. | The calculation gives 2210. | इसलिए, अंतिम उत्तर 2210 है।","PASS"
"hi","RAP-CP-002","RAP-QL-009","RAP-ES-002","Hard","reversePartition","ABSOLUTE","लड़के, छात्र और लड़कियां के हिस्से 6:5:2 के अनुपात में हैं। यदि लड़के को लड़कियां से Rs. 240 अधिक मिलते हैं, तो कुल कितनी राशि बांटी गई थी?","780","अब दिए गए मानों से गणना करें। | आवश्यक मान: difference equals difference of ratio parts times one part. | One part = 240 / 4 = 60. | The calculation gives 780. | इसलिए, अंतिम उत्तर 780 है।","PASS"
"hi","RAP-CP-002","RAP-QL-009","RAP-ES-002","Hard","reversePartition","ABSOLUTE","लड़के, छात्र और लड़कियां के हिस्से 7:6:6 के अनुपात में हैं। यदि लड़के को लड़कियां से Rs. 140 अधिक मिलते हैं, तो कुल कितनी राशि बांटी गई थी?","2660","अब दिए गए मानों से गणना करें। | आवश्यक मान: difference equals difference of ratio parts times one part. | One part = 140 / 1 = 140. | The calculation gives 2660. | इसलिए, अंतिम उत्तर 2660 है।","PASS"
"hi","RAP-CP-002","RAP-QL-009","RAP-ES-002","Hard","reversePartition","ABSOLUTE","लड़के, छात्र और लड़कियां के हिस्से 4:3:3 के अनुपात में हैं। यदि लड़के को लड़कियां से Rs. 30 अधिक मिलते हैं, तो कुल कितनी राशि बांटी गई थी?","300","अब दिए गए मानों से गणना करें। | आवश्यक मान: difference equals difference of ratio parts times one part. | One part = 30 / 1 = 30. | The calculation gives 300. | इसलिए, अंतिम उत्तर 300 है।","PASS"
"hi","RAP-CP-003","RAP-QL-013","RAP-ES-003","Easy","twoStateSubtraction","COUNT","किसी छात्र में लड़के और शिक्षक का अनुपात 4:3 है। 16 लड़के के चले जाने पर अनुपात 4:7 हो जाता है। शुरुआत में कुल कितने लोग थे?","49","Take the original quantities as 4x and 3x. | After removing 16, the ratio becomes 4:7. | इसलिए इसलिए इसलिए, gives x = 7. इसलिए इसलिए = 49. आवश्यक मान: 49 | अब गणना को ध्यान से सरल करें। | इसलिए, उत्तर 49 है।","PASS"
"hi","RAP-CP-003","RAP-QL-013","RAP-ES-003","Easy","twoStateSubtraction","COUNT","किसी लड़कियां में लड़के और शिक्षक का अनुपात 7:6 है। 3 लड़के के चले जाने पर अनुपात 53:48 हो जाता है। शुरुआत में कुल कितने लोग थे?","104","Take the original quantities as 7x and 6x. | After removing 3, the ratio becomes 53:48. | इसलिए इसलिए इसलिए, gives x = 8. इसलिए इसलिए = 104. आवश्यक मान: 104 | अब गणना को ध्यान से सरल करें। | इसलिए, उत्तर 104 है।","PASS"
"hi","RAP-CP-003","RAP-QL-013","RAP-ES-003","Easy","twoStateSubtraction","COUNT","किसी छात्र में लड़के और लड़कियां का अनुपात 8:7 है। 9 लड़के के चले जाने पर अनुपात 1:1 हो जाता है। शुरुआत में कुल कितने लोग थे?","135","Take the original quantities as 8x and 7x. | After removing 9, the ratio becomes 1:1. | इसलिए इसलिए इसलिए, gives x = 9. इसलिए इसलिए = 135. आवश्यक मान: 135 | अब गणना को ध्यान से सरल करें। | इसलिए, उत्तर 135 है।","PASS"
"hi","RAP-CP-003","RAP-QL-013","RAP-ES-003","Easy","twoStateSubtraction","COUNT","किसी लड़कियां में लड़के और शिक्षक का अनुपात 9:2 है। 15 लड़के के चले जाने पर अनुपात 15:4 हो जाता है। शुरुआत में कुल कितने लोग थे?","110","Take the original quantities as 9x and 2x. | After removing 15, the ratio becomes 15:4. | इसलिए इसलिए इसलिए, gives x = 10. इसलिए इसलिए = 110. आवश्यक मान: 110 | अब गणना को ध्यान से सरल करें। | इसलिए, उत्तर 110 है।","PASS"
"hi","RAP-CP-003","RAP-QL-013","RAP-ES-003","Easy","twoStateSubtraction","COUNT","किसी लड़के में लड़कियां और शिक्षक का अनुपात 6:5 है। 2 लड़कियां के चले जाने पर अनुपात 64:55 हो जाता है। शुरुआत में कुल कितने लोग थे?","121","Take the original quantities as 6x and 5x. | After removing 2, the ratio becomes 64:55. | इसलिए इसलिए इसलिए, gives x = 11. इसलिए इसलिए = 121. आवश्यक मान: 121 | अब गणना को ध्यान से सरल करें। | इसलिए, उत्तर 121 है।","PASS"
"hi","RAP-CP-003","RAP-QL-013","RAP-ES-003","Easy","twoStateSubtraction","COUNT","किसी लड़कियां में लड़के और शिक्षक का अनुपात 7:6 है। 14 लड़के के चले जाने पर अनुपात 35:36 हो जाता है। शुरुआत में कुल कितने लोग थे?","156","Take the original quantities as 7x and 6x. | After removing 14, the ratio becomes 35:36. | इसलिए इसलिए इसलिए, gives x = 12. इसलिए इसलिए = 156. आवश्यक मान: 156 | अब गणना को ध्यान से सरल करें। | इसलिए, उत्तर 156 है।","PASS"
"hi","RAP-CP-003","RAP-QL-013","RAP-ES-003","Easy","twoStateSubtraction","COUNT","किसी लड़के में लड़कियां और छात्र का अनुपात 4:3 है। 7 लड़कियां के चले जाने पर अनुपात 5:9 हो जाता है। शुरुआत में कुल कितने लोग थे?","21","Take the original quantities as 4x and 3x. | After removing 7, the ratio becomes 5:9. | इसलिए इसलिए इसलिए, gives x = 3. इसलिए इसलिए = 21. आवश्यक मान: 21 | अब गणना को ध्यान से सरल करें। | इसलिए, उत्तर 21 है।","PASS"
"hi","RAP-CP-003","RAP-QL-013","RAP-ES-003","Easy","twoStateSubtraction","COUNT","किसी लड़कियां में लड़के और शिक्षक का अनुपात 5:4 है। 10 लड़के के चले जाने पर अनुपात 5:8 हो जाता है। शुरुआत में कुल कितने लोग थे?","36","Take the original quantities as 5x and 4x. | After removing 10, the ratio becomes 5:8. | इसलिए इसलिए इसलिए, gives x = 4. इसलिए इसलिए = 36. आवश्यक मान: 36 | अब गणना को ध्यान से सरल करें। | इसलिए, उत्तर 36 है।","PASS"
"hi","RAP-CP-003","RAP-QL-013","RAP-ES-003","Easy","twoStateSubtraction","COUNT","किसी शिक्षक में लड़के और लड़कियां का अनुपात 6:5 है। 13 लड़के के चले जाने पर अनुपात 17:25 हो जाता है। शुरुआत में कुल कितने लोग थे?","55","Take the original quantities as 6x and 5x. | After removing 13, the ratio becomes 17:25. | इसलिए इसलिए इसलिए, gives x = 5. इसलिए इसलिए = 55. आवश्यक मान: 55 | अब गणना को ध्यान से सरल करें। | इसलिए, उत्तर 55 है।","PASS"
"hi","RAP-CP-003","RAP-QL-013","RAP-ES-003","Easy","twoStateSubtraction","COUNT","किसी लड़कियां में लड़के और शिक्षक का अनुपात 9:2 है। 19 लड़के के चले जाने पर अनुपात 35:12 हो जाता है। शुरुआत में कुल कितने लोग थे?","66","Take the original quantities as 9x and 2x. | After removing 19, the ratio becomes 35:12. | इसलिए इसलिए इसलिए, gives x = 6. इसलिए इसलिए = 66. आवश्यक मान: 66 | अब गणना को ध्यान से सरल करें। | इसलिए, उत्तर 66 है।","PASS"
"hi","RAP-CP-003","RAP-QL-014","RAP-ES-003","Medium","twoStateTransfer","COUNT","दो संख्याएँ 6:7 के अनुपात में हैं। यदि प्रत्येक में 11 जोड़ दिया जाए, तो अनुपात 29:32 हो जाता है। बड़ी संख्या का मान क्या है?","21","Take the original quantities as 6x and 7x. | दिए गए मानों को संबंध में रखें। | After transfer of 11, the new ratio is 29:32. | इसलिए इसलिए इसलिए, gives x = 3. इसलिए इसलिए = 21. आवश्यक मान: 21 | इस प्रकार प्राप्त मान 21 है।","PASS"
"hi","RAP-CP-003","RAP-QL-014","RAP-ES-003","Medium","twoStateTransfer","COUNT","दो संख्याएँ 2:6 के अनुपात में हैं। यदि प्रत्येक में 6 जोड़ दिया जाए, तो अनुपात 13:33 हो जाता है। बड़ी संख्या का मान क्या है?","60","Take the original quantities as 2x and 6x. | दिए गए मानों को संबंध में रखें। | After transfer of 6, the new ratio is 13:33. | इसलिए इसलिए इसलिए, gives x = 10. इसलिए इसलिए = 60. आवश्यक मान: 60 | इस प्रकार प्राप्त मान 60 है।","PASS"
"hi","RAP-CP-003","RAP-QL-014","RAP-ES-003","Medium","twoStateTransfer","COUNT","दो संख्याएँ 2:5 के अनुपात में हैं। यदि प्रत्येक में 20 जोड़ दिया जाए, तो अनुपात 3:5 हो जाता है। बड़ी संख्या का मान क्या है?","40","Take the original quantities as 2x and 5x. | दिए गए मानों को संबंध में रखें। | After transfer of 20, the new ratio is 3:5. | इसलिए इसलिए इसलिए, gives x = 8. इसलिए इसलिए = 40. आवश्यक मान: 40 | इस प्रकार प्राप्त मान 40 है।","PASS"
"hi","RAP-CP-003","RAP-QL-014","RAP-ES-003","Medium","twoStateTransfer","COUNT","दो संख्याएँ 5:9 के अनुपात में हैं। यदि प्रत्येक में 15 जोड़ दिया जाए, तो अनुपात 15:23 हो जाता है। बड़ी संख्या का मान क्या है?","54","Take the original quantities as 5x and 9x. | दिए गए मानों को संबंध में रखें। | After transfer of 15, the new ratio is 15:23. | इसलिए इसलिए इसलिए, gives x = 6. इसलिए इसलिए = 54. आवश्यक मान: 54 | इस प्रकार प्राप्त मान 54 है।","PASS"
"hi","RAP-CP-003","RAP-QL-014","RAP-ES-003","Medium","twoStateTransfer","COUNT","दो संख्याएँ 5:9 के अनुपात में हैं। यदि प्रत्येक में 16 जोड़ दिया जाए, तो अनुपात 9:13 हो जाता है। बड़ी संख्या का मान क्या है?","36","Take the original quantities as 5x and 9x. | दिए गए मानों को संबंध में रखें। | After transfer of 16, the new ratio is 9:13. | इसलिए इसलिए इसलिए, gives x = 4. इसलिए इसलिए = 36. आवश्यक मान: 36 | इस प्रकार प्राप्त मान 36 है।","PASS"
"hi","RAP-CP-003","RAP-QL-014","RAP-ES-003","Medium","twoStateTransfer","COUNT","दो संख्याएँ 5:9 के अनुपात में हैं। यदि प्रत्येक में 11 जोड़ दिया जाए, तो अनुपात 21:29 हो जाता है। बड़ी संख्या का मान क्या है?","18","Take the original quantities as 5x and 9x. | दिए गए मानों को संबंध में रखें। | After transfer of 11, the new ratio is 21:29. | इसलिए इसलिए इसलिए, gives x = 2. इसलिए इसलिए = 18. आवश्यक मान: 18 | इस प्रकार प्राप्त मान 18 है।","PASS"
"hi","RAP-CP-003","RAP-QL-014","RAP-ES-003","Medium","twoStateTransfer","COUNT","दो संख्याएँ 8:9 के अनुपात में हैं। यदि प्रत्येक में 6 जोड़ दिया जाए, तो अनुपात 26:29 हो जाता है। बड़ी संख्या का मान क्या है?","81","Take the original quantities as 8x and 9x. | दिए गए मानों को संबंध में रखें। | After transfer of 6, the new ratio is 26:29. | इसलिए इसलिए इसलिए, gives x = 9. इसलिए इसलिए = 81. आवश्यक मान: 81 | इस प्रकार प्राप्त मान 81 है।","PASS"
"hi","RAP-CP-003","RAP-QL-014","RAP-ES-003","Medium","twoStateTransfer","COUNT","दो संख्याएँ 8:10 के अनुपात में हैं। यदि प्रत्येक में 20 जोड़ दिया जाए, तो अनुपात 38:45 हो जाता है। बड़ी संख्या का मान क्या है?","70","Take the original quantities as 8x and 10x. | दिए गए मानों को संबंध में रखें। | After transfer of 20, the new ratio is 38:45. | इसलिए इसलिए इसलिए, gives x = 7. इसलिए इसलिए = 70. आवश्यक मान: 70 | इस प्रकार प्राप्त मान 70 है।","PASS"
"hi","RAP-CP-003","RAP-QL-014","RAP-ES-003","Medium","twoStateTransfer","COUNT","दो संख्याएँ 4:5 के अनुपात में हैं। यदि प्रत्येक में 2 जोड़ दिया जाए, तो अनुपात 22:27 हो जाता है। बड़ी संख्या का मान क्या है?","25","Take the original quantities as 4x and 5x. | दिए गए मानों को संबंध में रखें। | After transfer of 2, the new ratio is 22:27. | इसलिए इसलिए इसलिए, gives x = 5. इसलिए इसलिए = 25. आवश्यक मान: 25 | इस प्रकार प्राप्त मान 25 है।","PASS"
"hi","RAP-CP-003","RAP-QL-014","RAP-ES-003","Medium","twoStateTransfer","COUNT","दो संख्याएँ 4:6 के अनुपात में हैं। यदि प्रत्येक में 16 जोड़ दिया जाए, तो अनुपात 14:17 हो जाता है। बड़ी संख्या का मान क्या है?","18","Take the original quantities as 4x and 6x. | दिए गए मानों को संबंध में रखें। | After transfer of 16, the new ratio is 14:17. | इसलिए इसलिए इसलिए, gives x = 3. इसलिए इसलिए = 18. आवश्यक मान: 18 | इस प्रकार प्राप्त मान 18 है।","PASS"
"hi","RAP-CP-003","RAP-QL-013","RAP-ES-003","Hard","twoStateSubtraction","COUNT","किसी लड़कियां में शिक्षक और लड़के का अनुपात 6:5 है। 6 शिक्षक के चले जाने पर अनुपात 36:35 हो जाता है। शुरुआत में कुल कितने लोग थे?","77","Take the original quantities as 6x and 5x. | After removing 6, the ratio becomes 36:35. | इसलिए इसलिए इसलिए, gives x = 7. इसलिए इसलिए = 77. आवश्यक मान: 77 | अब गणना को ध्यान से सरल करें। | इसलिए, उत्तर 77 है।","PASS"
"hi","RAP-CP-003","RAP-QL-012","RAP-ES-003","Hard","twoStateAddition","COUNT","किसी लड़के में शिक्षक और छात्र का अनुपात 4:6 है। यदि 20 और शिक्षक आ जाते हैं, तो अनुपात 3:2 हो जाता है। शुरुआत में शिक्षक की संख्या कितनी थी?","16","Take the original quantities as 4x and 6x. | After adding 20, the ratio becomes 3:2. | इसलिए इसलिए इसलिए, gives x = 4. इसलिए इसलिए = 16. आवश्यक मान: 16 | अब गणना को ध्यान से सरल करें। | इसलिए, उत्तर 16 है।","PASS"
"hi","RAP-CP-003","RAP-QL-016","RAP-ES-003","Hard","multiStageTransformation","COUNT","एक स्कूल में लड़कों और लड़कियों का अनुपात 2:3 है। यदि 13 लड़के और आ जाएं और 3 लड़कियां चली जाएं, तो अनुपात 17:3 हो जाता है। शुरुआत में लड़कियों की संख्या कितनी थी?","6","अब दिए गए मानों से गणना करें। | Apply both changes to the initial ratio terms. | Set the changed expression equal to 17:3. | The calculation gives 6. | इसलिए, अंतिम उत्तर 6 है।","PASS"
"hi","RAP-CP-003","RAP-QL-015","RAP-ES-003","Hard","incomeExpenditureSystem","ABSOLUTE","पिता और माता की आय का अनुपात 5:2 है और उनके खर्चों का अनुपात 3:4 है। यदि दोनों Rs. 7000 की बचत करते हैं, तो पिता की आय कितनी है?","2500","Set the incomes as ratio multiples and subtract expenses. | दिए गए मानों को संबंध में रखें। | Both savings are 7000. | इसलिए इसलिए इसलिए, the equations gives x = 500. Required income = 2500. आवश्यक मान: 2500 | इस प्रकार प्राप्त मान 2500 है।","PASS"
"hi","RAP-CP-003","RAP-QL-013","RAP-ES-003","Hard","twoStateSubtraction","COUNT","किसी लड़कियां में लड़के और शिक्षक का अनुपात 8:7 है। 11 लड़के के चले जाने पर अनुपात 1:1 हो जाता है। शुरुआत में कुल कितने लोग थे?","165","Take the original quantities as 8x and 7x. | After removing 11, the ratio becomes 1:1. | इसलिए इसलिए इसलिए, gives x = 11. इसलिए इसलिए = 165. आवश्यक मान: 165 | अब गणना को ध्यान से सरल करें। | इसलिए, उत्तर 165 है।","PASS"
"hi","RAP-CP-003","RAP-QL-012","RAP-ES-003","Hard","twoStateAddition","COUNT","किसी लड़के में लड़कियां और छात्र का अनुपात 6:2 है। यदि 6 और लड़कियां आ जाते हैं, तो अनुपात 18:5 हो जाता है। शुरुआत में लड़कियां की संख्या कितनी थी?","30","Take the original quantities as 6x and 2x. | After adding 6, the ratio becomes 18:5. | इसलिए इसलिए इसलिए, gives x = 5. इसलिए इसलिए = 30. आवश्यक मान: 30 | अब गणना को ध्यान से सरल करें। | इसलिए, उत्तर 30 है।","PASS"
"hi","RAP-CP-003","RAP-QL-016","RAP-ES-003","Hard","multiStageTransformation","COUNT","एक स्कूल में लड़कों और लड़कियों का अनुपात 2:3 है। यदि 11 लड़के और आ जाएं और 5 लड़कियां चली जाएं, तो अनुपात 17:4 हो जाता है। शुरुआत में लड़कियों की संख्या कितनी थी?","9","अब दिए गए मानों से गणना करें। | Apply both changes to the initial ratio terms. | Set the changed expression equal to 17:4. | The calculation gives 9. | इसलिए, अंतिम उत्तर 9 है।","PASS"
"hi","RAP-CP-003","RAP-QL-015","RAP-ES-003","Hard","incomeExpenditureSystem","ABSOLUTE","भाई और पिता की आय का अनुपात 7:2 है और उनके खर्चों का अनुपात 3:5 है। यदि दोनों Rs. 5800 की बचत करते हैं, तो भाई की आय कितनी है?","2800","Set the incomes as ratio multiples and subtract expenses. | दिए गए मानों को संबंध में रखें। | Both savings are 5800. | इसलिए इसलिए इसलिए, the equations gives x = 400. Required income = 2800. आवश्यक मान: 2800 | इस प्रकार प्राप्त मान 2800 है।","PASS"
"hi","RAP-CP-003","RAP-QL-013","RAP-ES-003","Hard","twoStateSubtraction","COUNT","किसी छात्र में लड़के और लड़कियां का अनुपात 8:7 है। 3 लड़के के चले जाने पर अनुपात 37:35 हो जाता है। शुरुआत में कुल कितने लोग थे?","75","Take the original quantities as 8x and 7x. | After removing 3, the ratio becomes 37:35. | इसलिए इसलिए इसलिए, gives x = 5. इसलिए इसलिए = 75. आवश्यक मान: 75 | अब गणना को ध्यान से सरल करें। | इसलिए, उत्तर 75 है।","PASS"
"hi","RAP-CP-003","RAP-QL-012","RAP-ES-003","Hard","twoStateAddition","COUNT","किसी शिक्षक में लड़के और लड़कियां का अनुपात 2:4 है। यदि 11 और लड़के आ जाते हैं, तो अनुपात 23:24 हो जाता है। शुरुआत में लड़के की संख्या कितनी थी?","12","Take the original quantities as 2x and 4x. | After adding 11, the ratio becomes 23:24. | इसलिए इसलिए इसलिए, gives x = 6. इसलिए इसलिए = 12. आवश्यक मान: 12 | अब गणना को ध्यान से सरल करें। | इसलिए, उत्तर 12 है।","PASS"
"hi","RAP-CP-004","RAP-QL-018","RAP-ES-004","Easy","thirdProportional","ABSOLUTE","9 और 12 का तीसरा अनुपाती क्या होगा?","16","अब दिए गए मानों से गणना करें। | For third proportional, 9:12 = 12:x. | इसलिए, x = 12^2 / 9. | The calculation gives 16. | इसलिए, अंतिम उत्तर 16 है।","PASS"
"hi","RAP-CP-004","RAP-QL-019","RAP-ES-004","Easy","fourthProportional","ABSOLUTE","वह संख्या क्या होगी जो 1, 2 और 5 का चौथा अनुपाती है?","10","For fourth proportional, 1:2 = 5:x. | इसलिए, x = 2 x 5 / 1. | सरल करते समय आधार मान को स्पष्ट रखें। | इसलिए इसलिए = 10. आवश्यक मान: 10 | अतः सही उत्तर 10 है।","PASS"
"hi","RAP-CP-004","RAP-QL-017","RAP-ES-004","Easy","meanProportional","ABSOLUTE","49 और 100 के बीच का मध्य अनुपाती क्या होगा?","70","For mean proportional, x? = 49 x 100. | इसलिए, x = sqrt(4900). | इसलिए इसलिए = 70. आवश्यक मान: 70 | अब गणना को ध्यान से सरल करें। | इसलिए, उत्तर 70 है।","PASS"
"hi","RAP-CP-004","RAP-QL-018","RAP-ES-004","Easy","thirdProportional","ABSOLUTE","36 और 6 का तीसरा अनुपाती क्या होगा?","1","अब दिए गए मानों से गणना करें। | For third proportional, 36:6 = 6:x. | इसलिए, x = 6^2 / 36. | The calculation gives 1. | इसलिए, अंतिम उत्तर 1 है।","PASS"
"hi","RAP-CP-004","RAP-QL-019","RAP-ES-004","Easy","fourthProportional","ABSOLUTE","वह संख्या क्या होगी जो 4, 5 और 32 का चौथा अनुपाती है?","40","For fourth proportional, 4:5 = 32:x. | इसलिए, x = 5 x 32 / 4. | सरल करते समय आधार मान को स्पष्ट रखें। | इसलिए इसलिए = 40. आवश्यक मान: 40 | अतः सही उत्तर 40 है।","PASS"
"hi","RAP-CP-004","RAP-QL-017","RAP-ES-004","Easy","meanProportional","ABSOLUTE","16 और 81 के बीच का मध्य अनुपाती क्या होगा?","36","For mean proportional, x? = 16 x 81. | इसलिए, x = sqrt(1296). | इसलिए इसलिए = 36. आवश्यक मान: 36 | अब गणना को ध्यान से सरल करें। | इसलिए, उत्तर 36 है।","PASS"
"hi","RAP-CP-004","RAP-QL-018","RAP-ES-004","Easy","thirdProportional","ABSOLUTE","9 और 12 का तीसरा अनुपाती क्या होगा?","16","अब दिए गए मानों से गणना करें। | For third proportional, 9:12 = 12:x. | इसलिए, x = 12^2 / 9. | The calculation gives 16. | इसलिए, अंतिम उत्तर 16 है।","PASS"
"hi","RAP-CP-004","RAP-QL-017","RAP-ES-004","Easy","meanProportional","ABSOLUTE","36 और 121 के बीच का मध्य अनुपाती क्या होगा?","66","For mean proportional, x? = 36 x 121. | इसलिए, x = sqrt(4356). | इसलिए इसलिए = 66. आवश्यक मान: 66 | अब गणना को ध्यान से सरल करें। | इसलिए, उत्तर 66 है।","PASS"
"hi","RAP-CP-004","RAP-QL-018","RAP-ES-004","Easy","thirdProportional","ABSOLUTE","25 और 30 का तीसरा अनुपाती क्या होगा?","36","अब दिए गए मानों से गणना करें। | For third proportional, 25:30 = 30:x. | इसलिए, x = 30^2 / 25. | The calculation gives 36. | इसलिए, अंतिम उत्तर 36 है।","PASS"
"hi","RAP-CP-004","RAP-QL-019","RAP-ES-004","Easy","fourthProportional","ABSOLUTE","वह संख्या क्या होगी जो 3, 4 और 9 का चौथा अनुपाती है?","12","For fourth proportional, 3:4 = 9:x. | इसलिए, x = 4 x 9 / 3. | सरल करते समय आधार मान को स्पष्ट रखें। | इसलिए इसलिए = 12. आवश्यक मान: 12 | अतः सही उत्तर 12 है।","PASS"
"hi","RAP-CP-004","RAP-QL-021","RAP-ES-004","Medium","inverseVariation","ABSOLUTE","यदि y, x के उल्टा अनुपात में है और जब x = 19 तो y = 209 है। यदि x का मान बदलकर 1 हो जाए, तो y कितना होगा?","3971","In inverse variation, x x y remains constant. | Constant = 3971. | सरल करते समय आधार मान को स्पष्ट रखें। | इसलिए इसलिए = 3971. आवश्यक मान: 3971 | अतः सही उत्तर 3971 है।","PASS"
"hi","RAP-CP-004","RAP-QL-020","RAP-ES-004","Medium","directVariation","ABSOLUTE","यदि y, x के साथ सीधे अनुपात में है और जब x = 20 तो y = 200 है। जब x का मान 1 होगा, तो y कितना होगा?","10","In direct variation, y/x remains constant. | Constant = 10. | सरल करते समय आधार मान को स्पष्ट रखें। | इसलिए इसलिए = 10. आवश्यक मान: 10 | अतः सही उत्तर 10 है।","PASS"
"hi","RAP-CP-004","RAP-QL-021","RAP-ES-004","Medium","inverseVariation","ABSOLUTE","यदि y, x के उल्टा अनुपात में है और जब x = 1 तो y = 11 है। यदि x का मान बदलकर 1 हो जाए, तो y कितना होगा?","11","In inverse variation, x x y remains constant. | Constant = 11. | सरल करते समय आधार मान को स्पष्ट रखें। | इसलिए इसलिए = 11. आवश्यक मान: 11 | अतः सही उत्तर 11 है।","PASS"
"hi","RAP-CP-004","RAP-QL-020","RAP-ES-004","Medium","directVariation","ABSOLUTE","यदि y, x के साथ सीधे अनुपात में है और जब x = 2 तो y = 14 है। जब x का मान 3 होगा, तो y कितना होगा?","21","In direct variation, y/x remains constant. | Constant = 7. | सरल करते समय आधार मान को स्पष्ट रखें। | इसलिए इसलिए = 21. आवश्यक मान: 21 | अतः सही उत्तर 21 है।","PASS"
"hi","RAP-CP-004","RAP-QL-021","RAP-ES-004","Medium","inverseVariation","ABSOLUTE","यदि y, x के उल्टा अनुपात में है और जब x = 3 तो y = 33 है। यदि x का मान बदलकर 1 हो जाए, तो y कितना होगा?","99","In inverse variation, x x y remains constant. | Constant = 99. | सरल करते समय आधार मान को स्पष्ट रखें। | इसलिए इसलिए = 99. आवश्यक मान: 99 | अतः सही उत्तर 99 है।","PASS"
"hi","RAP-CP-004","RAP-QL-020","RAP-ES-004","Medium","directVariation","ABSOLUTE","यदि y, x के साथ सीधे अनुपात में है और जब x = 8 तो y = 32 है। जब x का मान 9 होगा, तो y कितना होगा?","36","In direct variation, y/x remains constant. | Constant = 4. | सरल करते समय आधार मान को स्पष्ट रखें। | इसलिए इसलिए = 36. आवश्यक मान: 36 | अतः सही उत्तर 36 है।","PASS"
"hi","RAP-CP-004","RAP-QL-021","RAP-ES-004","Medium","inverseVariation","ABSOLUTE","यदि y, x के उल्टा अनुपात में है और जब x = 9 तो y = 99 है। यदि x का मान बदलकर 1 हो जाए, तो y कितना होगा?","891","In inverse variation, x x y remains constant. | Constant = 891. | सरल करते समय आधार मान को स्पष्ट रखें। | इसलिए इसलिए = 891. आवश्यक मान: 891 | अतः सही उत्तर 891 है।","PASS"
"hi","RAP-CP-004","RAP-QL-020","RAP-ES-004","Medium","directVariation","ABSOLUTE","यदि y, x के साथ सीधे अनुपात में है और जब x = 10 तो y = 100 है। जब x का मान 11 होगा, तो y कितना होगा?","110","In direct variation, y/x remains constant. | Constant = 10. | सरल करते समय आधार मान को स्पष्ट रखें। | इसलिए इसलिए = 110. आवश्यक मान: 110 | अतः सही उत्तर 110 है।","PASS"
"hi","RAP-CP-004","RAP-QL-021","RAP-ES-004","Medium","inverseVariation","ABSOLUTE","यदि y, x के उल्टा अनुपात में है और जब x = 11 तो y = 121 है। यदि x का मान बदलकर 1 हो जाए, तो y कितना होगा?","1331","In inverse variation, x x y remains constant. | Constant = 1331. | सरल करते समय आधार मान को स्पष्ट रखें। | इसलिए इसलिए = 1331. आवश्यक मान: 1331 | अतः सही उत्तर 1331 है।","PASS"
"hi","RAP-CP-004","RAP-QL-020","RAP-ES-004","Medium","directVariation","ABSOLUTE","यदि y, x के साथ सीधे अनुपात में है और जब x = 16 तो y = 112 है। जब x का मान 17 होगा, तो y कितना होगा?","119","In direct variation, y/x remains constant. | Constant = 7. | सरल करते समय आधार मान को स्पष्ट रखें। | इसलिए इसलिए = 119. आवश्यक मान: 119 | अतः सही उत्तर 119 है।","PASS"
"hi","RAP-CP-004","RAP-QL-018","RAP-ES-004","Hard","thirdProportional","ABSOLUTE","36 और 6 का तीसरा अनुपाती क्या होगा?","1","अब दिए गए मानों से गणना करें। | For third proportional, 36:6 = 6:x. | इसलिए, x = 6^2 / 36. | The calculation gives 1. | इसलिए, अंतिम उत्तर 1 है।","PASS"
"hi","RAP-CP-004","RAP-QL-019","RAP-ES-004","Hard","fourthProportional","ABSOLUTE","वह संख्या क्या होगी जो 4, 5 और 24 का चौथा अनुपाती है?","30","For fourth proportional, 4:5 = 24:x. | इसलिए, x = 5 x 24 / 4. | सरल करते समय आधार मान को स्पष्ट रखें। | इसलिए इसलिए = 30. आवश्यक मान: 30 | अतः सही उत्तर 30 है।","PASS"
"hi","RAP-CP-004","RAP-QL-019","RAP-ES-004","Hard","fourthProportional","ABSOLUTE","वह संख्या क्या होगी जो 5, 6 और 35 का चौथा अनुपाती है?","42","For fourth proportional, 5:6 = 35:x. | इसलिए, x = 6 x 35 / 5. | सरल करते समय आधार मान को स्पष्ट रखें। | इसलिए इसलिए = 42. आवश्यक मान: 42 | अतः सही उत्तर 42 है।","PASS"
"hi","RAP-CP-004","RAP-QL-019","RAP-ES-004","Hard","fourthProportional","ABSOLUTE","वह संख्या क्या होगी जो 6, 1 और 48 का चौथा अनुपाती है?","8","For fourth proportional, 6:1 = 48:x. | इसलिए, x = 1 x 48 / 6. | सरल करते समय आधार मान को स्पष्ट रखें। | इसलिए इसलिए = 8. आवश्यक मान: 8 | अतः सही उत्तर 8 है।","PASS"
"hi","RAP-CP-004","RAP-QL-019","RAP-ES-004","Hard","fourthProportional","ABSOLUTE","वह संख्या क्या होगी जो 1, 2 और 9 का चौथा अनुपाती है?","18","For fourth proportional, 1:2 = 9:x. | इसलिए, x = 2 x 9 / 1. | सरल करते समय आधार मान को स्पष्ट रखें। | इसलिए इसलिए = 18. आवश्यक मान: 18 | अतः सही उत्तर 18 है।","PASS"
"hi","RAP-CP-004","RAP-QL-019","RAP-ES-004","Hard","fourthProportional","ABSOLUTE","वह संख्या क्या होगी जो 2, 3 और 20 का चौथा अनुपाती है?","30","For fourth proportional, 2:3 = 20:x. | इसलिए, x = 3 x 20 / 2. | सरल करते समय आधार मान को स्पष्ट रखें। | इसलिए इसलिए = 30. आवश्यक मान: 30 | अतः सही उत्तर 30 है।","PASS"
"hi","RAP-CP-004","RAP-QL-019","RAP-ES-004","Hard","fourthProportional","ABSOLUTE","वह संख्या क्या होगी जो 3, 4 और 3 का चौथा अनुपाती है?","4","For fourth proportional, 3:4 = 3:x. | इसलिए, x = 4 x 3 / 3. | सरल करते समय आधार मान को स्पष्ट रखें। | इसलिए इसलिए = 4. आवश्यक मान: 4 | अतः सही उत्तर 4 है।","PASS"
"hi","RAP-CP-004","RAP-QL-019","RAP-ES-004","Hard","fourthProportional","ABSOLUTE","वह संख्या क्या होगी जो 4, 5 और 8 का चौथा अनुपाती है?","10","For fourth proportional, 4:5 = 8:x. | इसलिए, x = 5 x 8 / 4. | सरल करते समय आधार मान को स्पष्ट रखें। | इसलिए इसलिए = 10. आवश्यक मान: 10 | अतः सही उत्तर 10 है।","PASS"
"hi","RAP-CP-004","RAP-QL-019","RAP-ES-004","Hard","fourthProportional","ABSOLUTE","वह संख्या क्या होगी जो 5, 6 और 15 का चौथा अनुपाती है?","18","For fourth proportional, 5:6 = 15:x. | इसलिए, x = 6 x 15 / 5. | सरल करते समय आधार मान को स्पष्ट रखें। | इसलिए इसलिए = 18. आवश्यक मान: 18 | अतः सही उत्तर 18 है।","PASS"
"hi","RAP-CP-004","RAP-QL-019","RAP-ES-004","Hard","fourthProportional","ABSOLUTE","वह संख्या क्या होगी जो 6, 1 और 24 का चौथा अनुपाती है?","4","For fourth proportional, 6:1 = 24:x. | इसलिए, x = 1 x 24 / 6. | सरल करते समय आधार मान को स्पष्ट रखें। | इसलिए इसलिए = 4. आवश्यक मान: 4 | अतः सही उत्तर 4 है।","PASS"
"hi","RAP-CP-005","RAP-QL-023","RAP-ES-005","Easy","multiDenominationMapping","COUNT","एक बॉक्स में 1, 2, 5 और 10 के कुल 18 सिक्के हैं। यदि उनके मूल्यों का अनुपात 7:16:5:20 है, तो 5 के सिक्कों की संख्या क्या है?","1","Value of one ratio unit = NaN. | Total units = 1. | Required number of coins = 1. आवश्यक मान: 1 | अब गणना को ध्यान से सरल करें। | इसलिए, उत्तर 1 है।","PASS"
"hi","RAP-CP-005","RAP-QL-022","RAP-ES-005","Easy","coinCounting","COUNT","एक बैग में 1, 2 और 5 के सिक्के 5:6:1 के अनुपात में हैं। यदि कुल मूल्य Rs. 176 है, तो 5 के कितने सिक्के हैं?","8","Value of one ratio unit = 22. | Total units = 8. | सरल करते समय आधार मान को स्पष्ट रखें। | Required number of coins = 8. आवश्यक मान: 8 | अतः सही उत्तर 8 है।","PASS"
"hi","RAP-CP-005","RAP-QL-026","RAP-ES-005","Easy","weightedMarks","ABSOLUTE","एक परीक्षा में इतिहास, विज्ञान और अंग्रेजी के अंकों का अनुपात 3:4:5 है। यदि इन विषयों का भार (weightage) क्रमशः 1, 2 और 3 है और कुल भारित स्कोर 260 है, तो इतिहास में कितने अंक मिले?","30","अब दिए गए मानों से गणना करें। | Use the subject ratio and weights together. | Find one scoring unit from total score. | The calculation gives 30. | इसलिए, अंतिम उत्तर 30 है।","PASS"
"hi","RAP-CP-005","RAP-QL-024","RAP-ES-005","Easy","weightedMapping","ABSOLUTE","1 रुपये का सिक्का, 2 रुपये का सिक्का और 5 रुपये का सिक्का के वजन का अनुपात 1:2:3 है। यदि 3 1 रुपये का सिक्का, 4 2 रुपये का सिक्का और 5 5 रुपये का सिक्का का कुल वजन 260 kg है, तो एक 1 रुपये का सिक्का का वजन कितना है?","10","Use the weighted contribution of each item. | दिए गए मानों को संबंध में रखें। | One unit is found from the total weight. | इसलिए इसलिए = 10. आवश्यक मान: 10 | इस प्रकार प्राप्त मान 10 है।","PASS"
"hi","RAP-CP-005","RAP-QL-023","RAP-ES-005","Easy","multiDenominationMapping","COUNT","एक बॉक्स में 1, 2, 5 और 10 के कुल 18 सिक्के हैं। यदि उनके मूल्यों का अनुपात 3:8:25:60 है, तो 5 के सिक्कों की संख्या क्या है?","5","Value of one ratio unit = NaN. | Total units = 1. | Required number of coins = 5. आवश्यक मान: 5 | अब गणना को ध्यान से सरल करें। | इसलिए, उत्तर 5 है।","PASS"
"hi","RAP-CP-005","RAP-QL-022","RAP-ES-005","Easy","coinCounting","COUNT","एक बैग में 1, 2 और 5 के सिक्के 3:4:5 के अनुपात में हैं। यदि कुल मूल्य Rs. 72 है, तो 2 के कितने सिक्के हैं?","8","Value of one ratio unit = 36. | Total units = 2. | सरल करते समय आधार मान को स्पष्ट रखें। | Required number of coins = 8. आवश्यक मान: 8 | अतः सही उत्तर 8 है।","PASS"
"hi","RAP-CP-005","RAP-QL-026","RAP-ES-005","Easy","weightedMarks","ABSOLUTE","एक परीक्षा में गणित, अंग्रेजी और विज्ञान के अंकों का अनुपात 7:8:1 है। यदि इन विषयों का भार (weightage) क्रमशः 1, 2 और 3 है और कुल भारित स्कोर 78 है, तो गणित में कितने अंक मिले?","21","अब दिए गए मानों से गणना करें। | Use the subject ratio and weights together. | Find one scoring unit from total score. | The calculation gives 21. | इसलिए, अंतिम उत्तर 21 है।","PASS"
"hi","RAP-CP-005","RAP-QL-024","RAP-ES-005","Easy","weightedMapping","ABSOLUTE","1 रुपये का सिक्का, 2 रुपये का सिक्का और 5 रुपये का सिक्का के वजन का अनुपात 5:6:7 है। यदि 2 1 रुपये का सिक्का, 3 2 रुपये का सिक्का और 4 5 रुपये का सिक्का का कुल वजन 224 kg है, तो एक 1 रुपये का सिक्का का वजन कितना है?","20","Use the weighted contribution of each item. | दिए गए मानों को संबंध में रखें। | One unit is found from the total weight. | इसलिए इसलिए = 20. आवश्यक मान: 20 | इस प्रकार प्राप्त मान 20 है।","PASS"
"hi","RAP-CP-005","RAP-QL-023","RAP-ES-005","Easy","multiDenominationMapping","COUNT","एक बॉक्स में 1, 2, 5 और 10 के कुल 18 सिक्के हैं। यदि उनके मूल्यों का अनुपात 7:16:5:20 है, तो 5 के सिक्कों की संख्या क्या है?","1","Value of one ratio unit = NaN. | Total units = 1. | Required number of coins = 1. आवश्यक मान: 1 | अब गणना को ध्यान से सरल करें। | इसलिए, उत्तर 1 है।","PASS"
"hi","RAP-CP-005","RAP-QL-022","RAP-ES-005","Easy","coinCounting","COUNT","एक बैग में 1, 2 और 5 के सिक्के 5:6:1 के अनुपात में हैं। यदि कुल मूल्य Rs. 132 है, तो 2 के कितने सिक्के हैं?","36","Value of one ratio unit = 22. | Total units = 6. | सरल करते समय आधार मान को स्पष्ट रखें। | Required number of coins = 36. आवश्यक मान: 36 | अतः सही उत्तर 36 है।","PASS"
"hi","RAP-CP-005","RAP-QL-024","RAP-ES-005","Medium","weightedMapping","ABSOLUTE","2 रुपये का सिक्का, 1 रुपये का सिक्का और 5 रुपये का सिक्का के वजन का अनुपात 1:2:3 है। यदि 3 2 रुपये का सिक्का, 4 1 रुपये का सिक्का और 5 5 रुपये का सिक्का का कुल वजन 104 kg है, तो एक 2 रुपये का सिक्का का वजन कितना है?","4","Use the weighted contribution of each item. | दिए गए मानों को संबंध में रखें। | One unit is found from the total weight. | इसलिए इसलिए = 4. आवश्यक मान: 4 | इस प्रकार प्राप्त मान 4 है।","PASS"
"hi","RAP-CP-005","RAP-QL-023","RAP-ES-005","Medium","multiDenominationMapping","COUNT","एक बॉक्स में 1, 2, 5 और 10 के कुल 18 सिक्के हैं। यदि उनके मूल्यों का अनुपात 3:8:25:60 है, तो 5 के सिक्कों की संख्या क्या है?","5","Value of one ratio unit = NaN. | Total units = 1. | Required number of coins = 5. आवश्यक मान: 5 | अब गणना को ध्यान से सरल करें। | इसलिए, उत्तर 5 है।","PASS"
"hi","RAP-CP-005","RAP-QL-022","RAP-ES-005","Medium","coinCounting","COUNT","एक बैग में 1, 2 और 5 के सिक्के 5:6:1 के अनुपात में हैं। यदि कुल मूल्य Rs. 132 है, तो 1 के कितने सिक्के हैं?","30","Value of one ratio unit = 22. | Total units = 6. | सरल करते समय आधार मान को स्पष्ट रखें। | Required number of coins = 30. आवश्यक मान: 30 | अतः सही उत्तर 30 है।","PASS"
"hi","RAP-CP-005","RAP-QL-026","RAP-ES-005","Medium","weightedMarks","ABSOLUTE","एक परीक्षा में विज्ञान, अंग्रेजी और इतिहास के अंकों का अनुपात 7:8:1 है। यदि इन विषयों का भार (weightage) क्रमशः 1, 2 और 3 है और कुल भारित स्कोर 104 है, तो विज्ञान में कितने अंक मिले?","28","अब दिए गए मानों से गणना करें। | Use the subject ratio and weights together. | Find one scoring unit from total score. | The calculation gives 28. | इसलिए, अंतिम उत्तर 28 है।","PASS"
"hi","RAP-CP-005","RAP-QL-024","RAP-ES-005","Medium","weightedMapping","ABSOLUTE","1 रुपये का सिक्का, 2 रुपये का सिक्का और 5 रुपये का सिक्का के वजन का अनुपात 5:6:7 है। यदि 1 1 रुपये का सिक्का, 2 2 रुपये का सिक्का और 3 5 रुपये का सिक्का का कुल वजन 304 kg है, तो एक 1 रुपये का सिक्का का वजन कितना है?","40","Use the weighted contribution of each item. | दिए गए मानों को संबंध में रखें। | One unit is found from the total weight. | इसलिए इसलिए = 40. आवश्यक मान: 40 | इस प्रकार प्राप्त मान 40 है।","PASS"
"hi","RAP-CP-005","RAP-QL-023","RAP-ES-005","Medium","multiDenominationMapping","COUNT","एक बॉक्स में 1, 2, 5 और 10 के कुल 18 सिक्के हैं। यदि उनके मूल्यों का अनुपात 7:16:5:20 है, तो 5 के सिक्कों की संख्या क्या है?","1","Value of one ratio unit = NaN. | Total units = 1. | Required number of coins = 1. आवश्यक मान: 1 | अब गणना को ध्यान से सरल करें। | इसलिए, उत्तर 1 है।","PASS"
"hi","RAP-CP-005","RAP-QL-022","RAP-ES-005","Medium","coinCounting","COUNT","एक बैग में 1, 2 और 5 के सिक्के 1:2:3 के अनुपात में हैं। यदि कुल मूल्य Rs. 200 है, तो 5 के कितने सिक्के हैं?","30","Value of one ratio unit = 20. | Total units = 10. | सरल करते समय आधार मान को स्पष्ट रखें। | Required number of coins = 30. आवश्यक मान: 30 | अतः सही उत्तर 30 है।","PASS"
"hi","RAP-CP-005","RAP-QL-026","RAP-ES-005","Medium","weightedMarks","ABSOLUTE","एक परीक्षा में इतिहास, विज्ञान और अंग्रेजी के अंकों का अनुपात 3:4:5 है। यदि इन विषयों का भार (weightage) क्रमशः 1, 2 और 3 है और कुल भारित स्कोर 208 है, तो इतिहास में कितने अंक मिले?","24","अब दिए गए मानों से गणना करें। | Use the subject ratio and weights together. | Find one scoring unit from total score. | The calculation gives 24. | इसलिए, अंतिम उत्तर 24 है।","PASS"
"hi","RAP-CP-005","RAP-QL-024","RAP-ES-005","Medium","weightedMapping","ABSOLUTE","1 रुपये का सिक्का, 5 रुपये का सिक्का और 2 रुपये का सिक्का के वजन का अनुपात 1:2:3 है। यदि 4 1 रुपये का सिक्का, 5 5 रुपये का सिक्का और 1 2 रुपये का सिक्का का कुल वजन 34 kg है, तो एक 1 रुपये का सिक्का का वजन कितना है?","2","Use the weighted contribution of each item. | दिए गए मानों को संबंध में रखें। | One unit is found from the total weight. | इसलिए इसलिए = 2. आवश्यक मान: 2 | इस प्रकार प्राप्त मान 2 है।","PASS"
"hi","RAP-CP-005","RAP-QL-023","RAP-ES-005","Medium","multiDenominationMapping","COUNT","एक बॉक्स में 1, 2, 5 और 10 के कुल 18 सिक्के हैं। यदि उनके मूल्यों का अनुपात 3:8:25:60 है, तो 5 के सिक्कों की संख्या क्या है?","5","Value of one ratio unit = NaN. | Total units = 1. | Required number of coins = 5. आवश्यक मान: 5 | अब गणना को ध्यान से सरल करें। | इसलिए, उत्तर 5 है।","PASS"
"hi","RAP-CP-005","RAP-QL-024","RAP-ES-005","Hard","weightedMapping","ABSOLUTE","1 रुपये का सिक्का, 5 रुपये का सिक्का और 10 रुपये का सिक्का के वजन का अनुपात 5:6:7 है। यदि 5 1 रुपये का सिक्का, 1 5 रुपये का सिक्का और 2 10 रुपये का सिक्का का कुल वजन 270 kg है, तो एक 1 रुपये का सिक्का का वजन कितना है?","30","Use the weighted contribution of each item. | दिए गए मानों को संबंध में रखें। | One unit is found from the total weight. | इसलिए इसलिए = 30. आवश्यक मान: 30 | इस प्रकार प्राप्त मान 30 है।","PASS"
"hi","RAP-CP-005","RAP-QL-023","RAP-ES-005","Hard","multiDenominationMapping","COUNT","एक बॉक्स में 1, 2, 5 और 10 के कुल 18 सिक्के हैं। यदि उनके मूल्यों का अनुपात 7:16:5:20 है, तो 5 के सिक्कों की संख्या क्या है?","1","Value of one ratio unit = NaN. | Total units = 1. | Required number of coins = 1. आवश्यक मान: 1 | अब गणना को ध्यान से सरल करें। | इसलिए, उत्तर 1 है।","PASS"
"hi","RAP-CP-005","RAP-QL-022","RAP-ES-005","Hard","coinCounting","COUNT","एक बैग में 1, 2 और 5 के सिक्के 5:6:1 के अनुपात में हैं। यदि कुल मूल्य Rs. 176 है, तो 1 के कितने सिक्के हैं?","40","Value of one ratio unit = 22. | Total units = 8. | सरल करते समय आधार मान को स्पष्ट रखें। | Required number of coins = 40. आवश्यक मान: 40 | अतः सही उत्तर 40 है।","PASS"
"hi","RAP-CP-005","RAP-QL-026","RAP-ES-005","Hard","weightedMarks","ABSOLUTE","एक परीक्षा में अंग्रेजी, विज्ञान और इतिहास के अंकों का अनुपात 3:4:5 है। यदि इन विषयों का भार (weightage) क्रमशः 1, 2 और 3 है और कुल भारित स्कोर 286 है, तो अंग्रेजी में कितने अंक मिले?","33","अब दिए गए मानों से गणना करें। | Use the subject ratio and weights together. | Find one scoring unit from total score. | The calculation gives 33. | इसलिए, अंतिम उत्तर 33 है।","PASS"
"hi","RAP-CP-005","RAP-QL-024","RAP-ES-005","Hard","weightedMapping","ABSOLUTE","1 रुपये का सिक्का, 2 रुपये का सिक्का और 10 रुपये का सिक्का के वजन का अनुपात 1:2:3 है। यदि 4 1 रुपये का सिक्का, 5 2 रुपये का सिक्का और 1 10 रुपये का सिक्का का कुल वजन 170 kg है, तो एक 1 रुपये का सिक्का का वजन कितना है?","10","Use the weighted contribution of each item. | दिए गए मानों को संबंध में रखें। | One unit is found from the total weight. | इसलिए इसलिए = 10. आवश्यक मान: 10 | इस प्रकार प्राप्त मान 10 है।","PASS"
"hi","RAP-CP-005","RAP-QL-023","RAP-ES-005","Hard","multiDenominationMapping","COUNT","एक बॉक्स में 1, 2, 5 और 10 के कुल 18 सिक्के हैं। यदि उनके मूल्यों का अनुपात 3:8:25:60 है, तो 5 के सिक्कों की संख्या क्या है?","5","Value of one ratio unit = NaN. | Total units = 1. | Required number of coins = 5. आवश्यक मान: 5 | अब गणना को ध्यान से सरल करें। | इसलिए, उत्तर 5 है।","PASS"
"hi","RAP-CP-005","RAP-QL-022","RAP-ES-005","Hard","coinCounting","COUNT","एक बैग में 1, 2 और 5 के सिक्के 3:4:5 के अनुपात में हैं। यदि कुल मूल्य Rs. 72 है, तो 5 के कितने सिक्के हैं?","10","Value of one ratio unit = 36. | Total units = 2. | सरल करते समय आधार मान को स्पष्ट रखें। | Required number of coins = 10. आवश्यक मान: 10 | अतः सही उत्तर 10 है।","PASS"
"hi","RAP-CP-005","RAP-QL-026","RAP-ES-005","Hard","weightedMarks","ABSOLUTE","एक परीक्षा में इतिहास, विज्ञान और अंग्रेजी के अंकों का अनुपात 7:8:1 है। यदि इन विषयों का भार (weightage) क्रमशः 1, 2 और 3 है और कुल भारित स्कोर 104 है, तो इतिहास में कितने अंक मिले?","28","अब दिए गए मानों से गणना करें। | Use the subject ratio and weights together. | Find one scoring unit from total score. | The calculation gives 28. | इसलिए, अंतिम उत्तर 28 है।","PASS"
"hi","RAP-CP-005","RAP-QL-024","RAP-ES-005","Hard","weightedMapping","ABSOLUTE","1 रुपये का सिक्का, 2 रुपये का सिक्का और 5 रुपये का सिक्का के वजन का अनुपात 5:6:7 है। यदि 2 1 रुपये का सिक्का, 3 2 रुपये का सिक्का और 4 5 रुपये का सिक्का का कुल वजन 224 kg है, तो एक 1 रुपये का सिक्का का वजन कितना है?","20","Use the weighted contribution of each item. | दिए गए मानों को संबंध में रखें। | One unit is found from the total weight. | इसलिए इसलिए = 20. आवश्यक मान: 20 | इस प्रकार प्राप्त मान 20 है।","PASS"
"hi","RAP-CP-005","RAP-QL-023","RAP-ES-005","Hard","multiDenominationMapping","COUNT","एक बॉक्स में 1, 2, 5 और 10 के कुल 18 सिक्के हैं। यदि उनके मूल्यों का अनुपात 7:16:5:20 है, तो 5 के सिक्कों की संख्या क्या है?","1","Value of one ratio unit = NaN. | Total units = 1. | Required number of coins = 1. आवश्यक मान: 1 | अब गणना को ध्यान से सरल करें। | इसलिए, उत्तर 1 है।","PASS"
"hi","RAP-CP-006","RAP-QL-032","RAP-ES-006","Easy","acidConcentration","PERCENT","एक घोल में 15 लीटर एसिड और 5 लीटर पानी है। घोल में एसिड का प्रतिशत कितना होगा?","75%","Total mixture = acid + water. | Acid percentage = acid volume / total volume x 100. | सरल करते समय आधार मान को स्पष्ट रखें। | इसलिए इसलिए = 75%. आवश्यक मान: 75% | अतः सही उत्तर 75% है।","PASS"
"hi","RAP-CP-006","RAP-QL-032","RAP-ES-006","Easy","acidConcentration","PERCENT","एक घोल में 10 लीटर एसिड और 70 लीटर पानी है। घोल में एसिड का प्रतिशत कितना होगा?","12.5%","Total mixture = acid + water. | Acid percentage = acid volume / total volume x 100. | सरल करते समय आधार मान को स्पष्ट रखें। | इसलिए इसलिए = 12.5%. आवश्यक मान: 12.5% | अतः सही उत्तर 12.5% है।","PASS"
"hi","RAP-CP-006","RAP-QL-032","RAP-ES-006","Easy","acidConcentration","PERCENT","एक घोल में 5 लीटर एसिड और 35 लीटर पानी है। घोल में एसिड का प्रतिशत कितना होगा?","12.5%","Total mixture = acid + water. | Acid percentage = acid volume / total volume x 100. | सरल करते समय आधार मान को स्पष्ट रखें। | इसलिए इसलिए = 12.5%. आवश्यक मान: 12.5% | अतः सही उत्तर 12.5% है।","PASS"
"hi","RAP-CP-006","RAP-QL-032","RAP-ES-006","Easy","acidConcentration","PERCENT","एक घोल में 50 लीटर एसिड और 100 लीटर पानी है। घोल में एसिड का प्रतिशत कितना होगा?","33.3333%","Total mixture = acid + water. | Acid percentage = acid volume / total volume x 100. | सरल करते समय आधार मान को स्पष्ट रखें। | इसलिए इसलिए = 33.3333%. आवश्यक मान: 33.3333% | अतः सही उत्तर 33.3333% है।","PASS"
"hi","RAP-CP-006","RAP-QL-032","RAP-ES-006","Easy","acidConcentration","PERCENT","एक घोल में 45 लीटर एसिड और 65 लीटर पानी है। घोल में एसिड का प्रतिशत कितना होगा?","40.9091%","Total mixture = acid + water. | Acid percentage = acid volume / total volume x 100. | सरल करते समय आधार मान को स्पष्ट रखें। | इसलिए इसलिए = 40.9091%. आवश्यक मान: 40.9091% | अतः सही उत्तर 40.9091% है।","PASS"
"hi","RAP-CP-006","RAP-QL-032","RAP-ES-006","Easy","acidConcentration","PERCENT","एक घोल में 40 लीटर एसिड और 30 लीटर पानी है। घोल में एसिड का प्रतिशत कितना होगा?","57.1429%","Total mixture = acid + water. | Acid percentage = acid volume / total volume x 100. | सरल करते समय आधार मान को स्पष्ट रखें। | इसलिए इसलिए = 57.1429%. आवश्यक मान: 57.1429% | अतः सही उत्तर 57.1429% है।","PASS"
"hi","RAP-CP-006","RAP-QL-032","RAP-ES-006","Easy","acidConcentration","PERCENT","एक घोल में 35 लीटर एसिड और 95 लीटर पानी है। घोल में एसिड का प्रतिशत कितना होगा?","26.9231%","Total mixture = acid + water. | Acid percentage = acid volume / total volume x 100. | सरल करते समय आधार मान को स्पष्ट रखें। | इसलिए इसलिए = 26.9231%. आवश्यक मान: 26.9231% | अतः सही उत्तर 26.9231% है।","PASS"
"hi","RAP-CP-006","RAP-QL-032","RAP-ES-006","Easy","acidConcentration","PERCENT","एक घोल में 30 लीटर एसिड और 40 लीटर पानी है। घोल में एसिड का प्रतिशत कितना होगा?","42.8571%","Total mixture = acid + water. | Acid percentage = acid volume / total volume x 100. | सरल करते समय आधार मान को स्पष्ट रखें। | इसलिए इसलिए = 42.8571%. आवश्यक मान: 42.8571% | अतः सही उत्तर 42.8571% है।","PASS"
"hi","RAP-CP-006","RAP-QL-032","RAP-ES-006","Easy","acidConcentration","PERCENT","एक घोल में 25 लीटर एसिड और 5 लीटर पानी है। घोल में एसिड का प्रतिशत कितना होगा?","83.3333%","Total mixture = acid + water. | Acid percentage = acid volume / total volume x 100. | सरल करते समय आधार मान को स्पष्ट रखें। | इसलिए इसलिए = 83.3333%. आवश्यक मान: 83.3333% | अतः सही उत्तर 83.3333% है।","PASS"
"hi","RAP-CP-006","RAP-QL-032","RAP-ES-006","Easy","acidConcentration","PERCENT","एक घोल में 40 लीटर एसिड और 70 लीटर पानी है। घोल में एसिड का प्रतिशत कितना होगा?","36.3636%","Total mixture = acid + water. | Acid percentage = acid volume / total volume x 100. | सरल करते समय आधार मान को स्पष्ट रखें। | इसलिए इसलिए = 36.3636%. आवश्यक मान: 36.3636% | अतः सही उत्तर 36.3636% है।","PASS"
"hi","RAP-CP-006","RAP-QL-028","RAP-ES-006","Medium","mixtureComponentFinding","ABSOLUTE","मिश्रण के 90 लीटर में दूध और पानी का अनुपात 8:1 है। अनुपात को 80:23 बनाने के लिए कितना पानी और मिलाना पड़ेगा?","13","अब दिए गए मानों से गणना करें। | Use the unchanged component to connect old and new ratios. | After matching the unchanged part, calculate the changed component. | The calculation gives 13. | इसलिए, अंतिम उत्तर 13 है।","PASS"
"hi","RAP-CP-006","RAP-QL-027","RAP-ES-006","Medium","binaryMixture","ABSOLUTE","एक मिश्रण में दूध और जूस का अनुपात 7:8 है। यदि इसमें 2 लीटर दूध मिला दिया जाए, तो अनुपात 29:32 हो जाता है। शुरुआत में जूस की मात्रा कितनी थी?","64","Use the unchanged component to connect old and new ratios. | After matching the unchanged part, calculate the changed component. | इसलिए इसलिए = 64. आवश्यक मान: 64 | अब गणना को ध्यान से सरल करें। | इसलिए, उत्तर 64 है।","PASS"
"hi","RAP-CP-006","RAP-QL-028","RAP-ES-006","Medium","mixtureComponentFinding","ABSOLUTE","मिश्रण के 78 लीटर में पानी और दूध का अनुपात 6:7 है। अनुपात को 12:19 बनाने के लिए कितना दूध और मिलाना पड़ेगा?","15","अब दिए गए मानों से गणना करें। | Use the unchanged component to connect old and new ratios. | After matching the unchanged part, calculate the changed component. | The calculation gives 15. | इसलिए, अंतिम उत्तर 15 है।","PASS"
"hi","RAP-CP-006","RAP-QL-027","RAP-ES-006","Medium","binaryMixture","ABSOLUTE","एक मिश्रण में पानी और दूध का अनुपात 5:6 है। यदि इसमें 8 लीटर पानी मिला दिया जाए, तो अनुपात 7:6 हो जाता है। शुरुआत में दूध की मात्रा कितनी थी?","24","Use the unchanged component to connect old and new ratios. | After matching the unchanged part, calculate the changed component. | इसलिए इसलिए = 24. आवश्यक मान: 24 | अब गणना को ध्यान से सरल करें। | इसलिए, उत्तर 24 है।","PASS"
"hi","RAP-CP-006","RAP-QL-028","RAP-ES-006","Medium","mixtureComponentFinding","ABSOLUTE","मिश्रण के 18 लीटर में जूस और पानी का अनुपात 4:5 है। अनुपात को 8:11 बनाने के लिए कितना पानी और मिलाना पड़ेगा?","1","अब दिए गए मानों से गणना करें। | Use the unchanged component to connect old and new ratios. | After matching the unchanged part, calculate the changed component. | The calculation gives 1. | इसलिए, अंतिम उत्तर 1 है।","PASS"
"hi","RAP-CP-006","RAP-QL-027","RAP-ES-006","Medium","binaryMixture","ABSOLUTE","एक मिश्रण में जूस और दूध का अनुपात 3:4 है। यदि इसमें 14 लीटर जूस मिला दिया जाए, तो अनुपात 41:36 हो जाता है। शुरुआत में दूध की मात्रा कितनी थी?","36","Use the unchanged component to connect old and new ratios. | After matching the unchanged part, calculate the changed component. | इसलिए इसलिए = 36. आवश्यक मान: 36 | अब गणना को ध्यान से सरल करें। | इसलिए, उत्तर 36 है।","PASS"
"hi","RAP-CP-006","RAP-QL-028","RAP-ES-006","Medium","mixtureComponentFinding","ABSOLUTE","मिश्रण के 35 लीटर में दूध और जूस का अनुपात 2:3 है। अनुपात को 7:12 बनाने के लिए कितना जूस और मिलाना पड़ेगा?","3","अब दिए गए मानों से गणना करें। | Use the unchanged component to connect old and new ratios. | After matching the unchanged part, calculate the changed component. | The calculation gives 3. | इसलिए, अंतिम उत्तर 3 है।","PASS"
"hi","RAP-CP-006","RAP-QL-027","RAP-ES-006","Medium","binaryMixture","ABSOLUTE","एक मिश्रण में दूध और पानी का अनुपात 1:2 है। यदि इसमें 20 लीटर दूध मिला दिया जाए, तो अनुपात 5:2 हो जाता है। शुरुआत में पानी की मात्रा कितनी थी?","10","Use the unchanged component to connect old and new ratios. | After matching the unchanged part, calculate the changed component. | इसलिए इसलिए = 10. आवश्यक मान: 10 | अब गणना को ध्यान से सरल करें। | इसलिए, उत्तर 10 है।","PASS"
"hi","RAP-CP-006","RAP-QL-028","RAP-ES-006","Medium","mixtureComponentFinding","ABSOLUTE","मिश्रण के 27 लीटर में पानी और दूध का अनुपात 8:1 है। अनुपात को 2:1 बनाने के लिए कितना दूध और मिलाना पड़ेगा?","9","अब दिए गए मानों से गणना करें। | Use the unchanged component to connect old and new ratios. | After matching the unchanged part, calculate the changed component. | The calculation gives 9. | इसलिए, अंतिम उत्तर 9 है।","PASS"
"hi","RAP-CP-006","RAP-QL-027","RAP-ES-006","Medium","binaryMixture","ABSOLUTE","एक मिश्रण में पानी और जूस का अनुपात 7:8 है। यदि इसमें 6 लीटर पानी मिला दिया जाए, तो अनुपात 19:20 हो जाता है। शुरुआत में जूस की मात्रा कितनी थी?","80","Use the unchanged component to connect old and new ratios. | After matching the unchanged part, calculate the changed component. | इसलिए इसलिए = 80. आवश्यक मान: 80 | अब गणना को ध्यान से सरल करें। | इसलिए, उत्तर 80 है।","PASS"
"hi","RAP-CP-006","RAP-QL-029","RAP-ES-006","Hard","threeComponentMixture","ABSOLUTE","एक solution में जूस, दूध और पानी का अनुपात 3:4:5 है। 4 लीटर दूध मिलाने पर नया अनुपात 3:6:5 हो जाता है। शुरुआत में कुल मात्रा कितनी थी?","24","Use the unchanged component to connect old and new ratios. | After matching the unchanged part, calculate the changed component. | इसलिए इसलिए = 24. आवश्यक मान: 24 | अब गणना को ध्यान से सरल करें। | इसलिए, उत्तर 24 है।","PASS"
"hi","RAP-CP-006","RAP-QL-030","RAP-ES-006","Hard","variableReplacementRatio","RATIO","70 लीटर दूध में से 10 लीटर निकालकर पानी मिला दिया जाता है और फिर दोबारा 15 लीटर निकालकर पानी मिला दिया जाता है। अंत में दूध और पानी का अनुपात क्या होगा?","47:23","Apply the two removals one after another. | Track the remaining original liquid after each removal. | सरल करते समय आधार मान को स्पष्ट रखें। | Final ratio = 47:23. आवश्यक मान: 47:23 | अतः सही उत्तर 47:23 है।","PASS"
"hi","RAP-CP-006","RAP-QL-029","RAP-ES-006","Hard","threeComponentMixture","ABSOLUTE","एक solution में दूध, पानी और जूस का अनुपात 1:2:3 है। 10 लीटर पानी मिलाने पर नया अनुपात 1:4:3 हो जाता है। शुरुआत में कुल मात्रा कितनी थी?","30","Use the unchanged component to connect old and new ratios. | After matching the unchanged part, calculate the changed component. | इसलिए इसलिए = 30. आवश्यक मान: 30 | अब गणना को ध्यान से सरल करें। | इसलिए, उत्तर 30 है।","PASS"
"hi","RAP-CP-006","RAP-QL-030","RAP-ES-006","Hard","variableReplacementRatio","RATIO","90 लीटर पानी में से 20 लीटर निकालकर जूस मिला दिया जाता है और फिर दोबारा 25 लीटर निकालकर जूस मिला दिया जाता है। अंत में पानी और जूस का अनुपात क्या होगा?","17:13","Apply the two removals one after another. | Track the remaining original liquid after each removal. | सरल करते समय आधार मान को स्पष्ट रखें। | Final ratio = 17:13. आवश्यक मान: 17:13 | अतः सही उत्तर 17:13 है।","PASS"
"hi","RAP-CP-006","RAP-QL-029","RAP-ES-006","Hard","threeComponentMixture","ABSOLUTE","एक solution में पानी, दूध और जूस का अनुपात 7:8:1 है। 16 लीटर दूध मिलाने पर नया अनुपात 7:10:1 हो जाता है। शुरुआत में कुल मात्रा कितनी थी?","128","Use the unchanged component to connect old and new ratios. | After matching the unchanged part, calculate the changed component. | इसलिए इसलिए = 128. आवश्यक मान: 128 | अब गणना को ध्यान से सरल करें। | इसलिए, उत्तर 128 है।","PASS"
"hi","RAP-CP-006","RAP-QL-030","RAP-ES-006","Hard","variableReplacementRatio","RATIO","110 लीटर जूस में से 35 लीटर निकालकर पानी मिला दिया जाता है और फिर दोबारा 5 लीटर निकालकर पानी मिला दिया जाता है। अंत में जूस और पानी का अनुपात क्या होगा?","36:19","Apply the two removals one after another. | Track the remaining original liquid after each removal. | सरल करते समय आधार मान को स्पष्ट रखें। | Final ratio = 36:19. आवश्यक मान: 36:19 | अतः सही उत्तर 36:19 है।","PASS"
"hi","RAP-CP-006","RAP-QL-029","RAP-ES-006","Hard","threeComponentMixture","ABSOLUTE","एक solution में पानी, जूस और दूध का अनुपात 5:6:7 है। 2 लीटर जूस मिलाने पर नया अनुपात 10:13:14 हो जाता है। शुरुआत में कुल मात्रा कितनी थी?","72","Use the unchanged component to connect old and new ratios. | After matching the unchanged part, calculate the changed component. | इसलिए इसलिए = 72. आवश्यक मान: 72 | अब गणना को ध्यान से सरल करें। | इसलिए, उत्तर 72 है।","PASS"
"hi","RAP-CP-006","RAP-QL-030","RAP-ES-006","Hard","variableReplacementRatio","RATIO","130 लीटर दूध में से 40 लीटर निकालकर जूस मिला दिया जाता है और फिर दोबारा 5 लीटर निकालकर जूस मिला दिया जाता है। अंत में दूध और जूस का अनुपात क्या होगा?","87:43","Apply the two removals one after another. | Track the remaining original liquid after each removal. | सरल करते समय आधार मान को स्पष्ट रखें। | Final ratio = 87:43. आवश्यक मान: 87:43 | अतः सही उत्तर 87:43 है।","PASS"
"hi","RAP-CP-006","RAP-QL-029","RAP-ES-006","Hard","threeComponentMixture","ABSOLUTE","एक solution में जूस, पानी और दूध का अनुपात 3:4:5 है। 4 लीटर पानी मिलाने पर नया अनुपात 21:32:35 हो जाता है। शुरुआत में कुल मात्रा कितनी थी?","84","Use the unchanged component to connect old and new ratios. | After matching the unchanged part, calculate the changed component. | इसलिए इसलिए = 84. आवश्यक मान: 84 | अब गणना को ध्यान से सरल करें। | इसलिए, उत्तर 84 है।","PASS"
"hi","RAP-CP-006","RAP-QL-030","RAP-ES-006","Hard","variableReplacementRatio","RATIO","150 लीटर पानी में से 50 लीटर निकालकर दूध मिला दिया जाता है और फिर दोबारा 5 लीटर निकालकर दूध मिला दिया जाता है। अंत में पानी और दूध का अनुपात क्या होगा?","97:53","Apply the two removals one after another. | Track the remaining original liquid after each removal. | सरल करते समय आधार मान को स्पष्ट रखें। | Final ratio = 97:53. आवश्यक मान: 97:53 | अतः सही उत्तर 97:53 है।","PASS"
