questionLanguageId,canonicalProblemId,taskKind,difficulty,question,answer,parameters,explanationId
"RAP-QL-001","RAP-CP-001","simpleLinkage","Easy","ਜੇਕਰ ਅਨੁਪਾਤ Deepak:Gita 4:5 ਹੈ ਅਤੇ Gita:Bina ਦਾ ਅਨੁਪਾਤ 5:6 ਹੈ, ਤਾਂ Deepak:Gita:Bina ਦਾ ਸਾਂਝਾ ਅਨੁਪਾਤ ਕੀ ਹੋਵੇਗਾ?","4:5:6","{""personA"":""Deepak"",""personB"":""Gita"",""personC"":""Bina"",""ratioA1"":4,""ratioB1"":5,""ratioB2"":5,""ratioC2"":6}","RAP-ES-001"
"RAP-QL-002","RAP-CP-001","ratioNormalization","Easy","4/2 : 9/3 ਦੇ ਬਰਾਬਰ ਸਭ ਤੋਂ ਸਰਲ ਪੂਰਨ ਸੰਖਿਆ ਅਨੁਪਾਤ ਕੀ ਹੈ?","2:3","{""numerator1"":4,""denominator1"":2,""numerator2"":9,""denominator2"":3}","RAP-ES-001"
"RAP-QL-003","RAP-CP-001","ratioTreeLinkage","Hard","ਦਿੱਤਾ ਗਿਆ ਹੈ ਕਿ Bina:Aman = 1:2, Aman:Farhan = 2:3 ਅਤੇ Farhan:Charu = 3:4 ਹੈ। Bina ਅਤੇ Charu ਵਿਚਕਾਰ ਅਨੁਪਾਤ ਪਤਾ ਕਰੋ।","1:4","{""personA"":""Bina"",""personB"":""Aman"",""personC"":""Farhan"",""personD"":""Charu"",""ratioA"":1,""ratioB"":2,""ratioB_prime"":2,""ratioC"":3,""ratioC_prime"":3,""ratioD"":4}","RAP-ES-001"
"RAP-QL-004","RAP-CP-001","scalingByComponent","Hard","ਇੱਕ team ਵਿੱਚ pens ਅਤੇ pencils ਦਾ ਅਨੁਪਾਤ 3:4 ਹੈ। ਜੇਕਰ ਉੱਥੇ 36 pens ਹੋਣ, ਤਾਂ pencils ਦੀ ਗਿਣਤੀ ਕਿੰਨੀ ਹੋਵੇਗੀ?","48","{""groupName"":""team"",""personA"":""pens"",""personB"":""pencils"",""ratioA"":3,""ratioB"":4,""valueA"":36}","RAP-ES-001"
"RAP-QL-006","RAP-CP-001","decimalNormalization","Hard","ਦਸ਼ਮਲਵ ਅਨੁਪਾਤ 2.4 : 0.5 ਦੇ ਬਰਾਬਰ ਸਭ ਤੋਂ ਸਰਲ ਪੂਰਨ ਸੰਖਿਆ ਅਨੁਪਾਤ ਲਿਖੋ।","24:5","{""decimalA"":2.4,""decimalB"":0.5}","RAP-ES-001"
"RAP-QL-001","RAP-CP-001","simpleLinkage","Hard","ਜੇਕਰ ਅਨੁਪਾਤ Gita:Deepak 1:2 ਹੈ ਅਤੇ Deepak:Aman ਦਾ ਅਨੁਪਾਤ 2:3 ਹੈ, ਤਾਂ Gita:Deepak:Aman ਦਾ ਸਾਂਝਾ ਅਨੁਪਾਤ ਕੀ ਹੋਵੇਗਾ?","1:2:3","{""personA"":""Gita"",""personB"":""Deepak"",""personC"":""Aman"",""ratioA1"":1,""ratioB1"":2,""ratioB2"":2,""ratioC2"":3}","RAP-ES-001"
"RAP-QL-002","RAP-CP-001","ratioNormalization","Medium","3/3 : 4/2 ਦੇ ਬਰਾਬਰ ਸਭ ਤੋਂ ਸਰਲ ਪੂਰਨ ਸੰਖਿਆ ਅਨੁਪਾਤ ਕੀ ਹੈ?","1:2","{""numerator1"":3,""denominator1"":3,""numerator2"":4,""denominator2"":2}","RAP-ES-001"
"RAP-QL-003","RAP-CP-001","ratioTreeLinkage","Medium","ਦਿੱਤਾ ਗਿਆ ਹੈ ਕਿ Esha:Gita = 4:5, Gita:Charu = 5:6 ਅਤੇ Charu:Aman = 6:7 ਹੈ। Esha ਅਤੇ Aman ਵਿਚਕਾਰ ਅਨੁਪਾਤ ਪਤਾ ਕਰੋ।","4:7","{""personA"":""Esha"",""personB"":""Gita"",""personC"":""Charu"",""personD"":""Aman"",""ratioA"":4,""ratioB"":5,""ratioB_prime"":5,""ratioC"":6,""ratioC_prime"":6,""ratioD"":7}","RAP-ES-001"
"RAP-QL-004","RAP-CP-001","scalingByComponent","Medium","ਇੱਕ club ਵਿੱਚ cats ਅਤੇ dogs ਦਾ ਅਨੁਪਾਤ 8:1 ਹੈ। ਜੇਕਰ ਉੱਥੇ 112 cats ਹੋਣ, ਤਾਂ dogs ਦੀ ਗਿਣਤੀ ਕਿੰਨੀ ਹੋਵੇਗੀ?","14","{""groupName"":""club"",""personA"":""cats"",""personB"":""dogs"",""ratioA"":8,""ratioB"":1,""valueA"":112}","RAP-ES-001"
"RAP-QL-006","RAP-CP-001","decimalNormalization","Medium","ਦਸ਼ਮਲਵ ਅਨੁਪਾਤ 2.9 : 2.4 ਦੇ ਬਰਾਬਰ ਸਭ ਤੋਂ ਸਰਲ ਪੂਰਨ ਸੰਖਿਆ ਅਨੁਪਾਤ ਲਿਖੋ।","29:24","{""decimalA"":2.9,""decimalB"":2.4}","RAP-ES-001"
"RAP-QL-001","RAP-CP-001","simpleLinkage","Hard","ਜੇਕਰ ਅਨੁਪਾਤ Esha:Charu 3:4 ਹੈ ਅਤੇ Charu:Aman ਦਾ ਅਨੁਪਾਤ 4:5 ਹੈ, ਤਾਂ Esha:Charu:Aman ਦਾ ਸਾਂਝਾ ਅਨੁਪਾਤ ਕੀ ਹੋਵੇਗਾ?","3:4:5","{""personA"":""Esha"",""personB"":""Charu"",""personC"":""Aman"",""ratioA1"":3,""ratioB1"":4,""ratioB2"":4,""ratioC2"":5}","RAP-ES-001"
"RAP-QL-002","RAP-CP-001","ratioNormalization","Hard","6/3 : 6/2 ਦੇ ਬਰਾਬਰ ਸਭ ਤੋਂ ਸਰਲ ਪੂਰਨ ਸੰਖਿਆ ਅਨੁਪਾਤ ਕੀ ਹੈ?","2:3","{""numerator1"":6,""denominator1"":3,""numerator2"":6,""denominator2"":2}","RAP-ES-001"
"RAP-QL-003","RAP-CP-001","ratioTreeLinkage","Hard","ਦਿੱਤਾ ਗਿਆ ਹੈ ਕਿ Charu:Farhan = 2:3, Farhan:Deepak = 3:4 ਅਤੇ Deepak:Aman = 4:5 ਹੈ। Charu ਅਤੇ Aman ਵਿਚਕਾਰ ਅਨੁਪਾਤ ਪਤਾ ਕਰੋ।","2:5","{""personA"":""Charu"",""personB"":""Farhan"",""personC"":""Deepak"",""personD"":""Aman"",""ratioA"":2,""ratioB"":3,""ratioB_prime"":3,""ratioC"":4,""ratioC_prime"":4,""ratioD"":5}","RAP-ES-001"
"RAP-QL-004","RAP-CP-001","scalingByComponent","Medium","ਇੱਕ class ਵਿੱਚ cats ਅਤੇ dogs ਦਾ ਅਨੁਪਾਤ 2:3 ਹੈ। ਜੇਕਰ ਉੱਥੇ 34 cats ਹੋਣ, ਤਾਂ dogs ਦੀ ਗਿਣਤੀ ਕਿੰਨੀ ਹੋਵੇਗੀ?","51","{""groupName"":""class"",""personA"":""cats"",""personB"":""dogs"",""ratioA"":2,""ratioB"":3,""valueA"":34}","RAP-ES-001"
"RAP-QL-006","RAP-CP-001","decimalNormalization","Medium","ਦਸ਼ਮਲਵ ਅਨੁਪਾਤ 2.9 : 2.2 ਦੇ ਬਰਾਬਰ ਸਭ ਤੋਂ ਸਰਲ ਪੂਰਨ ਸੰਖਿਆ ਅਨੁਪਾਤ ਲਿਖੋ।","29:22","{""decimalA"":2.9,""decimalB"":2.2}","RAP-ES-001"
"RAP-QL-007","RAP-CP-002","basicPartition","Hard","Rs. 2240 ਦੀ ਰਾਸ਼ੀ ਨੂੰ Harsh, Aman ਅਤੇ Gita ਵਿੱਚ 7:8:1 ਦੇ ਅਨੁਪਾਤ ਵਿੱਚ ਵੰਡਿਆ ਗਿਆ ਹੈ। Gita ਦਾ ਹਿੱਸਾ ਕਿੰਨਾ ਹੈ?","140","{""totalAmount"":2240,""personA"":""Harsh"",""personB"":""Aman"",""personC"":""Gita"",""ratioA"":7,""ratioB"":8,""ratioC"":1,""targetPerson"":""Gita""}","RAP-ES-002"
"RAP-QL-008","RAP-CP-002","shareDifference","Hard","Rs. 390 ਨੂੰ Gita, Farhan ਅਤੇ Esha ਵਿੱਚ 9:2:2 ਦੇ ਅਨੁਪਾਤ ਵਿੱਚ ਵੰਡਿਆ ਜਾਂਦਾ ਹੈ। Gita ਨੂੰ Esha ਨਾਲੋਂ ਕਿੰਨੇ ਰੁਪਏ ਵੱਧ ਮਿਲੇ?","210","{""totalAmount"":390,""personA"":""Gita"",""personB"":""Farhan"",""personC"":""Esha"",""ratioA"":9,""ratioB"":2,""ratioC"":2}","RAP-ES-002"
"RAP-QL-009","RAP-CP-002","reversePartition","Medium","Farhan, Harsh ਅਤੇ Gita ਦੇ ਹਿੱਸੇ 6:5:1 ਦੇ ਅਨੁਪਾਤ ਵਿੱਚ ਹਨ। ਜੇਕਰ Farhan ਨੂੰ Gita ਨਾਲੋਂ Rs. 550 ਵੱਧ ਮਿਲਦੇ ਹਨ, ਤਾਂ ਵੰਡੀ ਗਈ ਕੁੱਲ ਰਾਸ਼ੀ ਪਤਾ ਕਰੋ।","1320","{""personA"":""Farhan"",""personB"":""Harsh"",""personC"":""Gita"",""ratioA"":6,""ratioB"":5,""ratioC"":1,""shareDifference"":550}","RAP-ES-002"
"RAP-QL-011","RAP-CP-002","salaryDistribution","Medium","Farhan ਦੇ ਮਹੀਨਾਵਾਰ ਖਰਚੇ ਅਤੇ ਬਚਤ ਦਾ ਅਨੁਪਾਤ 2:2 ਹੈ। ਜੇਕਰ ਕੁੱਲ ਤਨਖਾਹ Rs. 13200 ਹੋਵੇ, ਤਾਂ Farhan ਹਰ ਮਹੀਨੇ ਕਿੰਨੀ ਬਚਤ ਕਰਦਾ ਹੈ?","6600","{""personA"":""Farhan"",""ratioExp"":2,""ratioSav"":2,""totalSalary"":13200}","RAP-ES-002"
"RAP-QL-007","RAP-CP-002","basicPartition","Medium","Rs. 960 ਦੀ ਰਾਸ਼ੀ ਨੂੰ Deepak, Bina ਅਤੇ Charu ਵਿੱਚ 3:4:5 ਦੇ ਅਨੁਪਾਤ ਵਿੱਚ ਵੰਡਿਆ ਗਿਆ ਹੈ। Deepak ਦਾ ਹਿੱਸਾ ਕਿੰਨਾ ਹੈ?","240","{""totalAmount"":960,""personA"":""Deepak"",""personB"":""Bina"",""personC"":""Charu"",""ratioA"":3,""ratioB"":4,""ratioC"":5,""targetPerson"":""Deepak""}","RAP-ES-002"
"RAP-QL-008","RAP-CP-002","shareDifference","Easy","Rs. 1690 ਨੂੰ Farhan, Harsh ਅਤੇ Deepak ਵਿੱਚ 6:5:2 ਦੇ ਅਨੁਪਾਤ ਵਿੱਚ ਵੰਡਿਆ ਜਾਂਦਾ ਹੈ। Farhan ਨੂੰ Deepak ਨਾਲੋਂ ਕਿੰਨੇ ਰੁਪਏ ਵੱਧ ਮਿਲੇ?","520","{""totalAmount"":1690,""personA"":""Farhan"",""personB"":""Harsh"",""personC"":""Deepak"",""ratioA"":6,""ratioB"":5,""ratioC"":2}","RAP-ES-002"
"RAP-QL-009","RAP-CP-002","reversePartition","Easy","Esha, Aman ਅਤੇ Gita ਦੇ ਹਿੱਸੇ 9:2:8 ਦੇ ਅਨੁਪਾਤ ਵਿੱਚ ਹਨ। ਜੇਕਰ Esha ਨੂੰ Gita ਨਾਲੋਂ Rs. 20 ਵੱਧ ਮਿਲਦੇ ਹਨ, ਤਾਂ ਵੰਡੀ ਗਈ ਕੁੱਲ ਰਾਸ਼ੀ ਪਤਾ ਕਰੋ।","380","{""personA"":""Esha"",""personB"":""Aman"",""personC"":""Gita"",""ratioA"":9,""ratioB"":2,""ratioC"":8,""shareDifference"":20}","RAP-ES-002"
"RAP-QL-011","RAP-CP-002","salaryDistribution","Hard","Gita ਦੇ ਮਹੀਨਾਵਾਰ ਖਰਚੇ ਅਤੇ ਬਚਤ ਦਾ ਅਨੁਪਾਤ 3:3 ਹੈ। ਜੇਕਰ ਕੁੱਲ ਤਨਖਾਹ Rs. 29400 ਹੋਵੇ, ਤਾਂ Gita ਹਰ ਮਹੀਨੇ ਕਿੰਨੀ ਬਚਤ ਕਰਦਾ ਹੈ?","14700","{""personA"":""Gita"",""ratioExp"":3,""ratioSav"":3,""totalSalary"":29400}","RAP-ES-002"
"RAP-QL-007","RAP-CP-002","basicPartition","Hard","Rs. 2700 ਦੀ ਰਾਸ਼ੀ ਨੂੰ Charu, Deepak ਅਤੇ Aman ਵਿੱਚ 4:5:6 ਦੇ ਅਨੁਪਾਤ ਵਿੱਚ ਵੰਡਿਆ ਗਿਆ ਹੈ। Deepak ਦਾ ਹਿੱਸਾ ਕਿੰਨਾ ਹੈ?","900","{""totalAmount"":2700,""personA"":""Charu"",""personB"":""Deepak"",""personC"":""Aman"",""ratioA"":4,""ratioB"":5,""ratioC"":6,""targetPerson"":""Deepak""}","RAP-ES-002"
"RAP-QL-008","RAP-CP-002","shareDifference","Hard","Rs. 1260 ਨੂੰ Bina, Esha ਅਤੇ Charu ਵਿੱਚ 8:7:3 ਦੇ ਅਨੁਪਾਤ ਵਿੱਚ ਵੰਡਿਆ ਜਾਂਦਾ ਹੈ। Bina ਨੂੰ Charu ਨਾਲੋਂ ਕਿੰਨੇ ਰੁਪਏ ਵੱਧ ਮਿਲੇ?","350","{""totalAmount"":1260,""personA"":""Bina"",""personB"":""Esha"",""personC"":""Charu"",""ratioA"":8,""ratioB"":7,""ratioC"":3}","RAP-ES-002"
"RAP-QL-009","RAP-CP-002","reversePartition","Hard","Aman, Farhan ਅਤੇ Deepak ਦੇ ਹਿੱਸੇ 9:2:4 ਦੇ ਅਨੁਪਾਤ ਵਿੱਚ ਹਨ। ਜੇਕਰ Aman ਨੂੰ Deepak ਨਾਲੋਂ Rs. 750 ਵੱਧ ਮਿਲਦੇ ਹਨ, ਤਾਂ ਵੰਡੀ ਗਈ ਕੁੱਲ ਰਾਸ਼ੀ ਪਤਾ ਕਰੋ।","2250","{""personA"":""Aman"",""personB"":""Farhan"",""personC"":""Deepak"",""ratioA"":9,""ratioB"":2,""ratioC"":4,""shareDifference"":750}","RAP-ES-002"
"RAP-QL-011","RAP-CP-002","salaryDistribution","Medium","Charu ਦੇ ਮਹੀਨਾਵਾਰ ਖਰਚੇ ਅਤੇ ਬਚਤ ਦਾ ਅਨੁਪਾਤ 7:3 ਹੈ। ਜੇਕਰ ਕੁੱਲ ਤਨਖਾਹ Rs. 45000 ਹੋਵੇ, ਤਾਂ Charu ਹਰ ਮਹੀਨੇ ਕਿੰਨੀ ਬਚਤ ਕਰਦਾ ਹੈ?","13500","{""personA"":""Charu"",""ratioExp"":7,""ratioSav"":3,""totalSalary"":45000}","RAP-ES-002"
"RAP-QL-007","RAP-CP-002","basicPartition","Hard","Rs. 1320 ਦੀ ਰਾਸ਼ੀ ਨੂੰ Gita, Harsh ਅਤੇ Esha ਵਿੱਚ 8:1:2 ਦੇ ਅਨੁਪਾਤ ਵਿੱਚ ਵੰਡਿਆ ਗਿਆ ਹੈ। Esha ਦਾ ਹਿੱਸਾ ਕਿੰਨਾ ਹੈ?","240","{""totalAmount"":1320,""personA"":""Gita"",""personB"":""Harsh"",""personC"":""Esha"",""ratioA"":8,""ratioB"":1,""ratioC"":2,""targetPerson"":""Esha""}","RAP-ES-002"
"RAP-QL-008","RAP-CP-002","shareDifference","Hard","Rs. 2000 ਨੂੰ Farhan, Aman ਅਤੇ Harsh ਵਿੱਚ 4:3:3 ਦੇ ਅਨੁਪਾਤ ਵਿੱਚ ਵੰਡਿਆ ਜਾਂਦਾ ਹੈ। Farhan ਨੂੰ Harsh ਨਾਲੋਂ ਕਿੰਨੇ ਰੁਪਏ ਵੱਧ ਮਿਲੇ?","200","{""totalAmount"":2000,""personA"":""Farhan"",""personB"":""Aman"",""personC"":""Harsh"",""ratioA"":4,""ratioB"":3,""ratioC"":3}","RAP-ES-002"
"RAP-QL-009","RAP-CP-002","reversePartition","Hard","Esha, Bina ਅਤੇ Aman ਦੇ ਹਿੱਸੇ 5:4:4 ਦੇ ਅਨੁਪਾਤ ਵਿੱਚ ਹਨ। ਜੇਕਰ Esha ਨੂੰ Aman ਨਾਲੋਂ Rs. 90 ਵੱਧ ਮਿਲਦੇ ਹਨ, ਤਾਂ ਵੰਡੀ ਗਈ ਕੁੱਲ ਰਾਸ਼ੀ ਪਤਾ ਕਰੋ।","1170","{""personA"":""Esha"",""personB"":""Bina"",""personC"":""Aman"",""ratioA"":5,""ratioB"":4,""ratioC"":4,""shareDifference"":90}","RAP-ES-002"
"RAP-QL-011","RAP-CP-002","salaryDistribution","Medium","Deepak ਦੇ ਮਹੀਨਾਵਾਰ ਖਰਚੇ ਅਤੇ ਬਚਤ ਦਾ ਅਨੁਪਾਤ 8:4 ਹੈ। ਜੇਕਰ ਕੁੱਲ ਤਨਖਾਹ Rs. 24000 ਹੋਵੇ, ਤਾਂ Deepak ਹਰ ਮਹੀਨੇ ਕਿੰਨੀ ਬਚਤ ਕਰਦਾ ਹੈ?","8000","{""personA"":""Deepak"",""ratioExp"":8,""ratioSav"":4,""totalSalary"":24000}","RAP-ES-002"
"RAP-QL-007","RAP-CP-002","basicPartition","Medium","Rs. 180 ਦੀ ਰਾਸ਼ੀ ਨੂੰ Farhan, Aman ਅਤੇ Esha ਵਿੱਚ 1:2:3 ਦੇ ਅਨੁਪਾਤ ਵਿੱਚ ਵੰਡਿਆ ਗਿਆ ਹੈ। Farhan ਦਾ ਹਿੱਸਾ ਕਿੰਨਾ ਹੈ?","30","{""totalAmount"":180,""personA"":""Farhan"",""personB"":""Aman"",""personC"":""Esha"",""ratioA"":1,""ratioB"":2,""ratioC"":3,""targetPerson"":""Farhan""}","RAP-ES-002"
"RAP-QL-008","RAP-CP-002","shareDifference","Medium","Rs. 2090 ਨੂੰ Esha, Bina ਅਤੇ Gita ਵਿੱਚ 7:6:6 ਦੇ ਅਨੁਪਾਤ ਵਿੱਚ ਵੰਡਿਆ ਜਾਂਦਾ ਹੈ। Esha ਨੂੰ Gita ਨਾਲੋਂ ਕਿੰਨੇ ਰੁਪਏ ਵੱਧ ਮਿਲੇ?","110","{""totalAmount"":2090,""personA"":""Esha"",""personB"":""Bina"",""personC"":""Gita"",""ratioA"":7,""ratioB"":6,""ratioC"":6}","RAP-ES-002"
"RAP-QL-009","RAP-CP-002","reversePartition","Easy","Deepak, Charu ਅਤੇ Harsh ਦੇ ਹਿੱਸੇ 8:7:4 ਦੇ ਅਨੁਪਾਤ ਵਿੱਚ ਹਨ। ਜੇਕਰ Deepak ਨੂੰ Harsh ਨਾਲੋਂ Rs. 760 ਵੱਧ ਮਿਲਦੇ ਹਨ, ਤਾਂ ਵੰਡੀ ਗਈ ਕੁੱਲ ਰਾਸ਼ੀ ਪਤਾ ਕਰੋ।","3610","{""personA"":""Deepak"",""personB"":""Charu"",""personC"":""Harsh"",""ratioA"":8,""ratioB"":7,""ratioC"":4,""shareDifference"":760}","RAP-ES-002"
"RAP-QL-011","RAP-CP-002","salaryDistribution","Easy","Harsh ਦੇ ਮਹੀਨਾਵਾਰ ਖਰਚੇ ਅਤੇ ਬਚਤ ਦਾ ਅਨੁਪਾਤ 5:4 ਹੈ। ਜੇਕਰ ਕੁੱਲ ਤਨਖਾਹ Rs. 14400 ਹੋਵੇ, ਤਾਂ Harsh ਹਰ ਮਹੀਨੇ ਕਿੰਨੀ ਬਚਤ ਕਰਦਾ ਹੈ?","6400","{""personA"":""Harsh"",""ratioExp"":5,""ratioSav"":4,""totalSalary"":14400}","RAP-ES-002"
"RAP-QL-012","RAP-CP-003","twoStateAddition","Hard","ਇੱਕ hostel ਵਿੱਚ students ਅਤੇ employees ਦਾ ਅਨੁਪਾਤ 3:5 ਹੈ। ਜੇਕਰ 12 ਹੋਰ students ਆ ਜਾਣ, ਤਾਂ ਅਨੁਪਾਤ 1:1 ਹੋ ਜਾਂਦਾ ਹੈ। ਸ਼ੁਰੂ ਵਿੱਚ students ਦੀ ਗਿਣਤੀ ਕਿੰਨੀ ਸੀ?","18","{""contextName"":""hostel"",""groupA"":""students"",""groupB"":""employees"",""ratioA"":3,""ratioB"":5,""addedCount"":12,""finalRatioA"":1,""finalRatioB"":1}","RAP-ES-003"
"RAP-QL-013","RAP-CP-003","twoStateSubtraction","Hard","ਇੱਕ class ਵਿੱਚ girls ਅਤੇ coaches ਦਾ ਅਨੁਪਾਤ 7:6 ਹੈ। 7 girls ਦੇ ਚਲੇ ਜਾਣ ਨਾਲ ਅਨੁਪਾਤ ਬਦਲ ਕੇ 35:36 ਹੋ ਜਾਂਦਾ ਹੈ। ਸ਼ੁਰੂ ਵਿੱਚ ਕੁੱਲ ਕਿੰਨੇ ਲੋਕ ਸਨ?","78","{""contextName"":""class"",""groupA"":""girls"",""groupB"":""coaches"",""ratioA"":7,""ratioB"":6,""removedCount"":7,""finalRatioA"":35,""finalRatioB"":36}","RAP-ES-003"
"RAP-QL-014","RAP-CP-003","twoStateTransfer","Hard","ਦੋ ਸੰਖਿਆਵਾਂ 2:4 ਦੇ ਅਨੁਪਾਤ ਵਿੱਚ ਹਨ। ਜੇਕਰ ਹਰੇਕ ਵਿੱਚ 8 ਜੋੜ ਦਿੱਤਾ ਜਾਵੇ, ਤਾਂ ਅਨੁਪਾਤ 3:4 ਹੋ ਜਾਂਦਾ ਹੈ। ਵੱਡੀ ਸੰਖਿਆ ਦਾ ਮੁੱਲ ਪਤਾ ਕਰੋ।","8","{""ratioA"":2,""ratioB"":4,""transferredCount"":8,""finalRatioA"":3,""finalRatioB"":4}","RAP-ES-003"
"RAP-QL-015","RAP-CP-003","incomeExpenditureSystem","Hard","Deepak ਅਤੇ Aman ਦੀ ਆਮਦਨ ਦਾ ਅਨੁਪਾਤ 7:4 ਹੈ ਅਤੇ ਉਹਨਾਂ ਦੇ ਖਰਚਿਆਂ ਦਾ ਅਨੁਪਾਤ 3:4 ਹੈ। ਜੇਕਰ ਦੋਵੇਂ Rs. 4800 ਦੀ ਬਚਤ ਕਰਦੇ ਹੋਣ, ਤਾਂ Deepak ਦੀ ਆਮਦਨ ਕੀ ਹੈ?","2100","{""personA"":""Deepak"",""personB"":""Aman"",""incomeRatioA"":7,""incomeRatioB"":4,""expRatioA"":3,""expRatioB"":4,""savingsAmount"":4800}","RAP-ES-003"
"RAP-QL-016","RAP-CP-003","multiStageTransformation","Medium","ਇੱਕ ਸਕੂਲ ਵਿੱਚ ਮੁੰਡਿਆਂ ਅਤੇ ਕੁੜੀਆਂ ਦਾ ਅਨੁਪਾਤ 4:5 ਹੈ। ਜੇਕਰ 13 ਮੁੰਡੇ ਹੋਰ ਆ ਜਾਣ ਅਤੇ 4 ਕੁੜੀਆਂ ਚਲੀਆਂ ਜਾਣ, ਤਾਂ ਅਨੁਪਾਤ 41:31 ਹੋ ਜਾਂਦਾ ਹੈ। ਸ਼ੁਰੂ ਵਿੱਚ ਕੁੜੀਆਂ ਦੀ ਗਿਣਤੀ ਕਿੰਨੀ ਸੀ?","35","{""ratioA"":4,""ratioB"":5,""addedCount"":13,""removedCount"":4,""finalRatioA"":41,""finalRatioB"":31}","RAP-ES-003"
"RAP-QL-012","RAP-CP-003","twoStateAddition","Hard","ਇੱਕ hostel ਵਿੱਚ boys ਅਤੇ boys ਦਾ ਅਨੁਪਾਤ 1:3 ਹੈ। ਜੇਕਰ 6 ਹੋਰ boys ਆ ਜਾਣ, ਤਾਂ ਅਨੁਪਾਤ 7:12 ਹੋ ਜਾਂਦਾ ਹੈ। ਸ਼ੁਰੂ ਵਿੱਚ boys ਦੀ ਗਿਣਤੀ ਕਿੰਨੀ ਸੀ?","8","{""contextName"":""hostel"",""groupA"":""boys"",""groupB"":""boys"",""ratioA"":1,""ratioB"":3,""addedCount"":6,""finalRatioA"":7,""finalRatioB"":12}","RAP-ES-003"
"RAP-QL-013","RAP-CP-003","twoStateSubtraction","Hard","ਇੱਕ section ਵਿੱਚ workers ਅਤੇ girls ਦਾ ਅਨੁਪਾਤ 7:6 ਹੈ। 5 workers ਦੇ ਚਲੇ ਜਾਣ ਨਾਲ ਅਨੁਪਾਤ ਬਦਲ ਕੇ 79:72 ਹੋ ਜਾਂਦਾ ਹੈ। ਸ਼ੁਰੂ ਵਿੱਚ ਕੁੱਲ ਕਿੰਨੇ ਲੋਕ ਸਨ?","156","{""contextName"":""section"",""groupA"":""workers"",""groupB"":""girls"",""ratioA"":7,""ratioB"":6,""removedCount"":5,""finalRatioA"":79,""finalRatioB"":72}","RAP-ES-003"
"RAP-QL-014","RAP-CP-003","twoStateTransfer","Medium","ਦੋ ਸੰਖਿਆਵਾਂ 4:10 ਦੇ ਅਨੁਪਾਤ ਵਿੱਚ ਹਨ। ਜੇਕਰ ਹਰੇਕ ਵਿੱਚ 6 ਜੋੜ ਦਿੱਤਾ ਜਾਵੇ, ਤਾਂ ਅਨੁਪਾਤ 11:23 ਹੋ ਜਾਂਦਾ ਹੈ। ਵੱਡੀ ਸੰਖਿਆ ਦਾ ਮੁੱਲ ਪਤਾ ਕਰੋ।","40","{""ratioA"":4,""ratioB"":10,""transferredCount"":6,""finalRatioA"":11,""finalRatioB"":23}","RAP-ES-003"
"RAP-QL-015","RAP-CP-003","incomeExpenditureSystem","Medium","Farhan ਅਤੇ Bina ਦੀ ਆਮਦਨ ਦਾ ਅਨੁਪਾਤ 7:3 ਹੈ ਅਤੇ ਉਹਨਾਂ ਦੇ ਖਰਚਿਆਂ ਦਾ ਅਨੁਪਾਤ 1:5 ਹੈ। ਜੇਕਰ ਦੋਵੇਂ Rs. 9600 ਦੀ ਬਚਤ ਕਰਦੇ ਹੋਣ, ਤਾਂ Farhan ਦੀ ਆਮਦਨ ਕੀ ਹੈ?","8400","{""personA"":""Farhan"",""personB"":""Bina"",""incomeRatioA"":7,""incomeRatioB"":3,""expRatioA"":1,""expRatioB"":5,""savingsAmount"":9600}","RAP-ES-003"
"RAP-QL-016","RAP-CP-003","multiStageTransformation","Medium","ਇੱਕ ਸਕੂਲ ਵਿੱਚ ਮੁੰਡਿਆਂ ਅਤੇ ਕੁੜੀਆਂ ਦਾ ਅਨੁਪਾਤ 4:5 ਹੈ। ਜੇਕਰ 7 ਮੁੰਡੇ ਹੋਰ ਆ ਜਾਣ ਅਤੇ 38 ਕੁੜੀਆਂ ਚਲੀਆਂ ਜਾਣ, ਤਾਂ ਅਨੁਪਾਤ 43:7 ਹੋ ਜਾਂਦਾ ਹੈ। ਸ਼ੁਰੂ ਵਿੱਚ ਕੁੜੀਆਂ ਦੀ ਗਿਣਤੀ ਕਿੰਨੀ ਸੀ?","45","{""ratioA"":4,""ratioB"":5,""addedCount"":7,""removedCount"":38,""finalRatioA"":43,""finalRatioB"":7}","RAP-ES-003"
"RAP-QL-012","RAP-CP-003","twoStateAddition","Medium","ਇੱਕ team ਵਿੱਚ workers ਅਤੇ girls ਦਾ ਅਨੁਪਾਤ 4:6 ਹੈ। ਜੇਕਰ 1 ਹੋਰ workers ਆ ਜਾਣ, ਤਾਂ ਅਨੁਪਾਤ 29:42 ਹੋ ਜਾਂਦਾ ਹੈ। ਸ਼ੁਰੂ ਵਿੱਚ workers ਦੀ ਗਿਣਤੀ ਕਿੰਨੀ ਸੀ?","28","{""contextName"":""team"",""groupA"":""workers"",""groupB"":""girls"",""ratioA"":4,""ratioB"":6,""addedCount"":1,""finalRatioA"":29,""finalRatioB"":42}","RAP-ES-003"
"RAP-QL-013","RAP-CP-003","twoStateSubtraction","Hard","ਇੱਕ class ਵਿੱਚ players ਅਤੇ staff ਦਾ ਅਨੁਪਾਤ 4:3 ਹੈ। 16 players ਦੇ ਚਲੇ ਜਾਣ ਨਾਲ ਅਨੁਪਾਤ ਬਦਲ ਕੇ 4:7 ਹੋ ਜਾਂਦਾ ਹੈ। ਸ਼ੁਰੂ ਵਿੱਚ ਕੁੱਲ ਕਿੰਨੇ ਲੋਕ ਸਨ?","49","{""contextName"":""class"",""groupA"":""players"",""groupB"":""staff"",""ratioA"":4,""ratioB"":3,""removedCount"":16,""finalRatioA"":4,""finalRatioB"":7}","RAP-ES-003"
"RAP-QL-014","RAP-CP-003","twoStateTransfer","Hard","ਦੋ ਸੰਖਿਆਵਾਂ 3:6 ਦੇ ਅਨੁਪਾਤ ਵਿੱਚ ਹਨ। ਜੇਕਰ ਹਰੇਕ ਵਿੱਚ 13 ਜੋੜ ਦਿੱਤਾ ਜਾਵੇ, ਤਾਂ ਅਨੁਪਾਤ 22:31 ਹੋ ਜਾਂਦਾ ਹੈ। ਵੱਡੀ ਸੰਖਿਆ ਦਾ ਮੁੱਲ ਪਤਾ ਕਰੋ।","18","{""ratioA"":3,""ratioB"":6,""transferredCount"":13,""finalRatioA"":22,""finalRatioB"":31}","RAP-ES-003"
"RAP-QL-015","RAP-CP-003","incomeExpenditureSystem","Hard","Charu ਅਤੇ Bina ਦੀ ਆਮਦਨ ਦਾ ਅਨੁਪਾਤ 6:4 ਹੈ ਅਤੇ ਉਹਨਾਂ ਦੇ ਖਰਚਿਆਂ ਦਾ ਅਨੁਪਾਤ 2:5 ਹੈ। ਜੇਕਰ ਦੋਵੇਂ Rs. 6600 ਦੀ ਬਚਤ ਕਰਦੇ ਹੋਣ, ਤਾਂ Charu ਦੀ ਆਮਦਨ ਕੀ ਹੈ?","5400","{""personA"":""Charu"",""personB"":""Bina"",""incomeRatioA"":6,""incomeRatioB"":4,""expRatioA"":2,""expRatioB"":5,""savingsAmount"":6600}","RAP-ES-003"
"RAP-QL-016","RAP-CP-003","multiStageTransformation","Hard","ਇੱਕ ਸਕੂਲ ਵਿੱਚ ਮੁੰਡਿਆਂ ਅਤੇ ਕੁੜੀਆਂ ਦਾ ਅਨੁਪਾਤ 7:2 ਹੈ। ਜੇਕਰ 6 ਮੁੰਡੇ ਹੋਰ ਆ ਜਾਣ ਅਤੇ 11 ਕੁੜੀਆਂ ਚਲੀਆਂ ਜਾਣ, ਤਾਂ ਅਨੁਪਾਤ 62:5 ਹੋ ਜਾਂਦਾ ਹੈ। ਸ਼ੁਰੂ ਵਿੱਚ ਕੁੜੀਆਂ ਦੀ ਗਿਣਤੀ ਕਿੰਨੀ ਸੀ?","16","{""ratioA"":7,""ratioB"":2,""addedCount"":6,""removedCount"":11,""finalRatioA"":62,""finalRatioB"":5}","RAP-ES-003"
"RAP-QL-012","RAP-CP-003","twoStateAddition","Hard","ਇੱਕ hostel ਵਿੱਚ girls ਅਤੇ teachers ਦਾ ਅਨੁਪਾਤ 4:6 ਹੈ। ਜੇਕਰ 19 ਹੋਰ girls ਆ ਜਾਣ, ਤਾਂ ਅਨੁਪਾਤ 55:54 ਹੋ ਜਾਂਦਾ ਹੈ। ਸ਼ੁਰੂ ਵਿੱਚ girls ਦੀ ਗਿਣਤੀ ਕਿੰਨੀ ਸੀ?","36","{""contextName"":""hostel"",""groupA"":""girls"",""groupB"":""teachers"",""ratioA"":4,""ratioB"":6,""addedCount"":19,""finalRatioA"":55,""finalRatioB"":54}","RAP-ES-003"
"RAP-QL-013","RAP-CP-003","twoStateSubtraction","Hard","ਇੱਕ section ਵਿੱਚ boys ਅਤੇ boys ਦਾ ਅਨੁਪਾਤ 8:7 ਹੈ। 14 boys ਦੇ ਚਲੇ ਜਾਣ ਨਾਲ ਅਨੁਪਾਤ ਬਦਲ ਕੇ 10:21 ਹੋ ਜਾਂਦਾ ਹੈ। ਸ਼ੁਰੂ ਵਿੱਚ ਕੁੱਲ ਕਿੰਨੇ ਲੋਕ ਸਨ?","45","{""contextName"":""section"",""groupA"":""boys"",""groupB"":""boys"",""ratioA"":8,""ratioB"":7,""removedCount"":14,""finalRatioA"":10,""finalRatioB"":21}","RAP-ES-003"
"RAP-QL-014","RAP-CP-003","twoStateTransfer","Hard","ਦੋ ਸੰਖਿਆਵਾਂ 8:9 ਦੇ ਅਨੁਪਾਤ ਵਿੱਚ ਹਨ। ਜੇਕਰ ਹਰੇਕ ਵਿੱਚ 11 ਜੋੜ ਦਿੱਤਾ ਜਾਵੇ, ਤਾਂ ਅਨੁਪਾਤ 51:56 ਹੋ ਜਾਂਦਾ ਹੈ। ਵੱਡੀ ਸੰਖਿਆ ਦਾ ਮੁੱਲ ਪਤਾ ਕਰੋ।","45","{""ratioA"":8,""ratioB"":9,""transferredCount"":11,""finalRatioA"":51,""finalRatioB"":56}","RAP-ES-003"
"RAP-QL-015","RAP-CP-003","incomeExpenditureSystem","Medium","Esha ਅਤੇ Charu ਦੀ ਆਮਦਨ ਦਾ ਅਨੁਪਾਤ 8:2 ਹੈ ਅਤੇ ਉਹਨਾਂ ਦੇ ਖਰਚਿਆਂ ਦਾ ਅਨੁਪਾਤ 4:5 ਹੈ। ਜੇਕਰ ਦੋਵੇਂ Rs. 9600 ਦੀ ਬਚਤ ਕਰਦੇ ਹੋਣ, ਤਾਂ Esha ਦੀ ਆਮਦਨ ਕੀ ਹੈ?","2400","{""personA"":""Esha"",""personB"":""Charu"",""incomeRatioA"":8,""incomeRatioB"":2,""expRatioA"":4,""expRatioB"":5,""savingsAmount"":9600}","RAP-ES-003"
"RAP-QL-016","RAP-CP-003","multiStageTransformation","Medium","ਇੱਕ ਸਕੂਲ ਵਿੱਚ ਮੁੰਡਿਆਂ ਅਤੇ ਕੁੜੀਆਂ ਦਾ ਅਨੁਪਾਤ 7:2 ਹੈ। ਜੇਕਰ 15 ਮੁੰਡੇ ਹੋਰ ਆ ਜਾਣ ਅਤੇ 8 ਕੁੜੀਆਂ ਚਲੀਆਂ ਜਾਣ, ਤਾਂ ਅਨੁਪਾਤ 85:12 ਹੋ ਜਾਂਦਾ ਹੈ। ਸ਼ੁਰੂ ਵਿੱਚ ਕੁੜੀਆਂ ਦੀ ਗਿਣਤੀ ਕਿੰਨੀ ਸੀ?","20","{""ratioA"":7,""ratioB"":2,""addedCount"":15,""removedCount"":8,""finalRatioA"":85,""finalRatioB"":12}","RAP-ES-003"
"RAP-QL-017","RAP-CP-004","meanProportional","Medium","100 ਅਤੇ 49 ਦੇ ਵਿਚਕਾਰ ਦਾ ਮੱਧ ਅਨੁਪਾਤੀ ਪਤਾ ਕਰੋ।","70","{""numA"":100,""numB"":49}","RAP-ES-004"
"RAP-QL-018","RAP-CP-004","thirdProportional","Easy","1 ਅਤੇ 2 ਦਾ ਤੀਜਾ ਅਨੁਪਾਤੀ ਕੀ ਹੋਵੇਗਾ?","4","{""numA"":1,""numB"":2}","RAP-ES-004"
"RAP-QL-019","RAP-CP-004","fourthProportional","Medium","ਉਹ ਸੰਖਿਆ ਪਤਾ ਕਰੋ ਜੋ 5, 6 ਅਤੇ 15 ਦਾ ਚੌਥਾ ਅਨੁਪਾਤੀ ਹੈ।","18","{""numA"":5,""numB"":6,""numC"":15}","RAP-ES-004"
"RAP-QL-020","RAP-CP-004","directVariation","Easy","ਜੇਕਰ y, x ਦੇ ਨਾਲ ਸਿੱਧੇ ਅਨੁਪਾਤ ਵਿੱਚ ਹੋਵੇ ਅਤੇ ਜਦੋਂ x = 2 ਤਾਂ y = 20 ਹੈ। ਜਦੋਂ x ਦਾ ਮੁੱਲ 3 ਹੋਵੇਗਾ, ਤਾਂ y ਕਿੰਨਾ ਹੋਵੇਗਾ?","30","{""varX"":""x"",""varY"":""y"",""varX1"":2,""varY1"":20,""varX2"":3}","RAP-ES-004"
"RAP-QL-021","RAP-CP-004","inverseVariation","Medium","ਜੇਕਰ y, x ਦੇ ਉਲਟ ਅਨੁਪਾਤ ਵਿੱਚ ਹੋਵੇ ਅਤੇ ਜਦੋਂ x = 3 ਤਾਂ y = 30 ਹੈ। ਜੇਕਰ x ਦਾ ਮੁੱਲ 10 ਹੋ ਜਾਵੇ, ਤਾਂ y ਕਿੰਨਾ ਹੋਵੇਗਾ?","9","{""varX"":""x"",""varY"":""y"",""varX1"":3,""varY1"":30,""varX2"":10}","RAP-ES-004"
"RAP-QL-017","RAP-CP-004","meanProportional","Medium","64 ਅਤੇ 1 ਦੇ ਵਿਚਕਾਰ ਦਾ ਮੱਧ ਅਨੁਪਾਤੀ ਪਤਾ ਕਰੋ।","8","{""numA"":64,""numB"":1}","RAP-ES-004"
"RAP-QL-018","RAP-CP-004","thirdProportional","Medium","9 ਅਤੇ 12 ਦਾ ਤੀਜਾ ਅਨੁਪਾਤੀ ਕੀ ਹੋਵੇਗਾ?","16","{""numA"":9,""numB"":12}","RAP-ES-004"
"RAP-QL-019","RAP-CP-004","fourthProportional","Medium","ਉਹ ਸੰਖਿਆ ਪਤਾ ਕਰੋ ਜੋ 1, 2 ਅਤੇ 9 ਦਾ ਚੌਥਾ ਅਨੁਪਾਤੀ ਹੈ।","18","{""numA"":1,""numB"":2,""numC"":9}","RAP-ES-004"
"RAP-QL-020","RAP-CP-004","directVariation","Medium","ਜੇਕਰ y, x ਦੇ ਨਾਲ ਸਿੱਧੇ ਅਨੁਪਾਤ ਵਿੱਚ ਹੋਵੇ ਅਤੇ ਜਦੋਂ x = 8 ਤਾਂ y = 24 ਹੈ। ਜਦੋਂ x ਦਾ ਮੁੱਲ 9 ਹੋਵੇਗਾ, ਤਾਂ y ਕਿੰਨਾ ਹੋਵੇਗਾ?","27","{""varX"":""x"",""varY"":""y"",""varX1"":8,""varY1"":24,""varX2"":9}","RAP-ES-004"
"RAP-QL-021","RAP-CP-004","inverseVariation","Medium","ਜੇਕਰ y, x ਦੇ ਉਲਟ ਅਨੁਪਾਤ ਵਿੱਚ ਹੋਵੇ ਅਤੇ ਜਦੋਂ x = 9 ਤਾਂ y = 99 ਹੈ। ਜੇਕਰ x ਦਾ ਮੁੱਲ 1 ਹੋ ਜਾਵੇ, ਤਾਂ y ਕਿੰਨਾ ਹੋਵੇਗਾ?","891","{""varX"":""x"",""varY"":""y"",""varX1"":9,""varY1"":99,""varX2"":1}","RAP-ES-004"
"RAP-QL-022","RAP-CP-005","coinCounting","Hard","ਇੱਕ ਬੈਗ ਵਿੱਚ 1, 2 ਅਤੇ 5 ਦੇ ਸਿੱਕੇ 3:4:5 ਦੇ ਅਨੁਪਾਤ ਵਿੱਚ ਹਨ। ਜੇਕਰ ਕੁੱਲ ਮੁੱਲ Rs. 360 ਹੈ, ਤਾਂ 5 ਦੇ ਕਿੰਨੇ ਸਿੱਕੇ ਹਨ?","50","{""denom1"":1,""denom2"":2,""denom3"":5,""ratio1"":3,""ratio2"":4,""ratio3"":5,""totalValue"":360,""targetDenom"":5}","RAP-ES-005"
"RAP-QL-023","RAP-CP-005","multiDenominationMapping","Hard","ਇੱਕ ਬਾਕਸ ਵਿੱਚ 1, 2, 5 ਅਤੇ 10 ਦੇ ਕੁੱਲ 10 ਸਿੱਕੇ ਹਨ। ਜੇਕਰ ਉਹਨਾਂ ਦੇ ਮੁੱਲਾਂ ਦਾ ਅਨੁਪਾਤ 1:4:15:40 ਹੋਵੇ, ਤਾਂ 1 ਦੇ ਸਿੱਕਿਆਂ ਦੀ ਗਿਣਤੀ ਪਤਾ ਕਰੋ।","1","{""totalCoins"":10,""denom1"":1,""denom2"":2,""denom3"":5,""denom4"":10,""valRatio1"":1,""valRatio2"":4,""valRatio3"":15,""valRatio4"":40,""targetDenom"":1}","RAP-ES-005"
"RAP-QL-024","RAP-CP-005","weightedMapping","Hard","oranges, bananas ਅਤੇ packets ਦੇ ਭਾਰ ਦਾ ਅਨੁਪਾਤ 5:6:7 ਹੈ। ਜੇਕਰ 2 oranges, 3 bananas ਅਤੇ 4 packets ਦਾ ਕੁੱਲ ਭਾਰ 112 kg ਹੈ, ਤਾਂ ਇੱਕ oranges ਦਾ ਭਾਰ ਕਿੰਨਾ ਹੈ?","10","{""itemA"":""oranges"",""itemB"":""bananas"",""itemC"":""packets"",""ratioA"":5,""ratioB"":6,""ratioC"":7,""countA"":2,""countB"":3,""countC"":4,""totalWeight"":112}","RAP-ES-005"
"RAP-QL-026","RAP-CP-005","weightedMarks","Hard","ਇੱਕ ਪ੍ਰੀਖਿਆ ਵਿੱਚ Maths, Science ਅਤੇ English ਦੇ ਅੰਕਾਂ ਦਾ ਅਨੁਪਾਤ 1:2:3 ਹੈ। ਜੇਕਰ ਇਹਨਾਂ ਵਿਸ਼ਿਆਂ ਦਾ ਵੇਟੇਜ (weightage) ਕ੍ਰਮਵਾਰ 3, 4 ਅਤੇ 1 ਹੋਵੇ ਅਤੇ ਕੁੱਲ ਵੇਟਿਡ ਸਕੋਰ 42 ਹੈ, ਤਾਂ Maths ਵਿੱਚ ਕਿੰਨੇ ਅੰਕ ਪ੍ਰਾਪਤ ਹੋਏ?","3","{""sub1"":""Maths"",""sub2"":""Science"",""sub3"":""English"",""ratio1"":1,""ratio2"":2,""ratio3"":3,""w1"":3,""w2"":4,""w3"":1,""totalScore"":42}","RAP-ES-005"
"RAP-QL-022","RAP-CP-005","coinCounting","Hard","ਇੱਕ ਬੈਗ ਵਿੱਚ 1, 2 ਅਤੇ 5 ਦੇ ਸਿੱਕੇ 5:6:1 ਦੇ ਅਨੁਪਾਤ ਵਿੱਚ ਹਨ। ਜੇਕਰ ਕੁੱਲ ਮੁੱਲ Rs. 88 ਹੈ, ਤਾਂ 5 ਦੇ ਕਿੰਨੇ ਸਿੱਕੇ ਹਨ?","4","{""denom1"":1,""denom2"":2,""denom3"":5,""ratio1"":5,""ratio2"":6,""ratio3"":1,""totalValue"":88,""targetDenom"":5}","RAP-ES-005"
"RAP-QL-023","RAP-CP-005","multiDenominationMapping","Hard","ਇੱਕ ਬਾਕਸ ਵਿੱਚ 1, 2, 5 ਅਤੇ 10 ਦੇ ਕੁੱਲ 14 ਸਿੱਕੇ ਹਨ। ਜੇਕਰ ਉਹਨਾਂ ਦੇ ਮੁੱਲਾਂ ਦਾ ਅਨੁਪਾਤ 4:1:5:15 ਹੋਵੇ, ਤਾਂ 2 ਦੇ ਸਿੱਕਿਆਂ ਦੀ ਗਿਣਤੀ ਪਤਾ ਕਰੋ।","1","{""totalCoins"":14,""denom1"":1,""denom2"":2,""denom3"":5,""denom4"":10,""valRatio1"":4,""valRatio2"":1,""valRatio3"":5,""valRatio4"":15,""targetDenom"":2}","RAP-ES-005"
"RAP-QL-024","RAP-CP-005","weightedMapping","Hard","apples, bananas ਅਤੇ oranges ਦੇ ਭਾਰ ਦਾ ਅਨੁਪਾਤ 6:7:8 ਹੈ। ਜੇਕਰ 2 apples, 3 bananas ਅਤੇ 4 oranges ਦਾ ਕੁੱਲ ਭਾਰ 455 kg ਹੈ, ਤਾਂ ਇੱਕ apples ਦਾ ਭਾਰ ਕਿੰਨਾ ਹੈ?","42","{""itemA"":""apples"",""itemB"":""bananas"",""itemC"":""oranges"",""ratioA"":6,""ratioB"":7,""ratioC"":8,""countA"":2,""countB"":3,""countC"":4,""totalWeight"":455}","RAP-ES-005"
"RAP-QL-026","RAP-CP-005","weightedMarks","Hard","ਇੱਕ ਪ੍ਰੀਖਿਆ ਵਿੱਚ Maths, Science ਅਤੇ English ਦੇ ਅੰਕਾਂ ਦਾ ਅਨੁਪਾਤ 2:3:4 ਹੈ। ਜੇਕਰ ਇਹਨਾਂ ਵਿਸ਼ਿਆਂ ਦਾ ਵੇਟੇਜ (weightage) ਕ੍ਰਮਵਾਰ 2, 3 ਅਤੇ 4 ਹੋਵੇ ਅਤੇ ਕੁੱਲ ਵੇਟਿਡ ਸਕੋਰ 174 ਹੈ, ਤਾਂ Maths ਵਿੱਚ ਕਿੰਨੇ ਅੰਕ ਪ੍ਰਾਪਤ ਹੋਏ?","12","{""sub1"":""Maths"",""sub2"":""Science"",""sub3"":""English"",""ratio1"":2,""ratio2"":3,""ratio3"":4,""w1"":2,""w2"":3,""w3"":4,""totalScore"":174}","RAP-ES-005"
"RAP-QL-022","RAP-CP-005","coinCounting","Hard","ਇੱਕ ਬੈਗ ਵਿੱਚ 1, 2 ਅਤੇ 5 ਦੇ ਸਿੱਕੇ 2:3:4 ਦੇ ਅਨੁਪਾਤ ਵਿੱਚ ਹਨ। ਜੇਕਰ ਕੁੱਲ ਮੁੱਲ Rs. 252 ਹੈ, ਤਾਂ 5 ਦੇ ਕਿੰਨੇ ਸਿੱਕੇ ਹਨ?","36","{""denom1"":1,""denom2"":2,""denom3"":5,""ratio1"":2,""ratio2"":3,""ratio3"":4,""totalValue"":252,""targetDenom"":5}","RAP-ES-005"
"RAP-QL-023","RAP-CP-005","multiDenominationMapping","Hard","ਇੱਕ ਬਾਕਸ ਵਿੱਚ 1, 2, 5 ਅਤੇ 10 ਦੇ ਕੁੱਲ 22 ਸਿੱਕੇ ਹਨ। ਜੇਕਰ ਉਹਨਾਂ ਦੇ ਮੁੱਲਾਂ ਦਾ ਅਨੁਪਾਤ 2:5:15:35 ਹੋਵੇ, ਤਾਂ 2 ਦੇ ਸਿੱਕਿਆਂ ਦੀ ਗਿਣਤੀ ਪਤਾ ਕਰੋ।","5","{""totalCoins"":22,""denom1"":1,""denom2"":2,""denom3"":5,""denom4"":10,""valRatio1"":2,""valRatio2"":5,""valRatio3"":15,""valRatio4"":35,""targetDenom"":2}","RAP-ES-005"
"RAP-QL-024","RAP-CP-005","weightedMapping","Hard","apples, packets ਅਤੇ oranges ਦੇ ਭਾਰ ਦਾ ਅਨੁਪਾਤ 2:3:4 ਹੈ। ਜੇਕਰ 5 apples, 1 packets ਅਤੇ 2 oranges ਦਾ ਕੁੱਲ ਭਾਰ 21 kg ਹੈ, ਤਾਂ ਇੱਕ apples ਦਾ ਭਾਰ ਕਿੰਨਾ ਹੈ?","2","{""itemA"":""apples"",""itemB"":""packets"",""itemC"":""oranges"",""ratioA"":2,""ratioB"":3,""ratioC"":4,""countA"":5,""countB"":1,""countC"":2,""totalWeight"":21}","RAP-ES-005"
"RAP-QL-026","RAP-CP-005","weightedMarks","Hard","ਇੱਕ ਪ੍ਰੀਖਿਆ ਵਿੱਚ Maths, Science ਅਤੇ English ਦੇ ਅੰਕਾਂ ਦਾ ਅਨੁਪਾਤ 6:7:8 ਹੈ। ਜੇਕਰ ਇਹਨਾਂ ਵਿਸ਼ਿਆਂ ਦਾ ਵੇਟੇਜ (weightage) ਕ੍ਰਮਵਾਰ 2, 3 ਅਤੇ 4 ਹੋਵੇ ਅਤੇ ਕੁੱਲ ਵੇਟਿਡ ਸਕੋਰ 650 ਹੈ, ਤਾਂ Maths ਵਿੱਚ ਕਿੰਨੇ ਅੰਕ ਪ੍ਰਾਪਤ ਹੋਏ?","60","{""sub1"":""Maths"",""sub2"":""Science"",""sub3"":""English"",""ratio1"":6,""ratio2"":7,""ratio3"":8,""w1"":2,""w2"":3,""w3"":4,""totalScore"":650}","RAP-ES-005"
"RAP-QL-022","RAP-CP-005","coinCounting","Hard","ਇੱਕ ਬੈਗ ਵਿੱਚ 1, 2 ਅਤੇ 5 ਦੇ ਸਿੱਕੇ 4:5:6 ਦੇ ਅਨੁਪਾਤ ਵਿੱਚ ਹਨ। ਜੇਕਰ ਕੁੱਲ ਮੁੱਲ Rs. 132 ਹੈ, ਤਾਂ 5 ਦੇ ਕਿੰਨੇ ਸਿੱਕੇ ਹਨ?","18","{""denom1"":1,""denom2"":2,""denom3"":5,""ratio1"":4,""ratio2"":5,""ratio3"":6,""totalValue"":132,""targetDenom"":5}","RAP-ES-005"
"RAP-QL-023","RAP-CP-005","multiDenominationMapping","Hard","ਇੱਕ ਬਾਕਸ ਵਿੱਚ 1, 2, 5 ਅਤੇ 10 ਦੇ ਕੁੱਲ 14 ਸਿੱਕੇ ਹਨ। ਜੇਕਰ ਉਹਨਾਂ ਦੇ ਮੁੱਲਾਂ ਦਾ ਅਨੁਪਾਤ 4:1:5:15 ਹੋਵੇ, ਤਾਂ 2 ਦੇ ਸਿੱਕਿਆਂ ਦੀ ਗਿਣਤੀ ਪਤਾ ਕਰੋ।","1","{""totalCoins"":14,""denom1"":1,""denom2"":2,""denom3"":5,""denom4"":10,""valRatio1"":4,""valRatio2"":1,""valRatio3"":5,""valRatio4"":15,""targetDenom"":2}","RAP-ES-005"
"RAP-QL-024","RAP-CP-005","weightedMapping","Hard","apples, bags ਅਤੇ oranges ਦੇ ਭਾਰ ਦਾ ਅਨੁਪਾਤ 6:7:8 ਹੈ। ਜੇਕਰ 3 apples, 4 bags ਅਤੇ 5 oranges ਦਾ ਕੁੱਲ ਭਾਰ 430 kg ਹੈ, ਤਾਂ ਇੱਕ apples ਦਾ ਭਾਰ ਕਿੰਨਾ ਹੈ?","30","{""itemA"":""apples"",""itemB"":""bags"",""itemC"":""oranges"",""ratioA"":6,""ratioB"":7,""ratioC"":8,""countA"":3,""countB"":4,""countC"":5,""totalWeight"":430}","RAP-ES-005"
"RAP-QL-027","RAP-CP-006","binaryMixture","Hard","ਇੱਕ ਮਿਸ਼ਰਣ ਵਿੱਚ milk ਅਤੇ water ਦਾ ਅਨੁਪਾਤ 6:7 ਹੈ। ਜੇਕਰ ਇਸ ਵਿੱਚ 3 ਲੀਟਰ milk ਮਿਲਾ ਦਿੱਤਾ ਜਾਵੇ, ਤਾਂ ਅਨੁਪਾਤ 51:56 ਹੋ ਜਾਂਦਾ ਹੈ। ਸ਼ੁਰੂ ਵਿੱਚ water ਦੀ ਮਾਤਰਾ ਕਿੰਨੀ ਸੀ?","56","{""liquid1"":""milk"",""liquid2"":""water"",""ratio1"":6,""ratio2"":7,""addedAmount"":3,""finalRatio1"":51,""finalRatio2"":56}","RAP-ES-006"
"RAP-QL-028","RAP-CP-006","mixtureComponentFinding","Hard","ਮਿਸ਼ਰਣ ਦੇ 66 ਲੀਟਰ ਵਿੱਚ acid ਅਤੇ water ਦਾ ਅਨੁਪਾਤ 5:6 ਹੈ। ਅਨੁਪਾਤ ਨੂੰ 15:22 ਬਣਾਉਣ ਲਈ ਕਿੰਨੇ ਲੀਟਰ water ਹੋਰ ਮਿਲਾਉਣਾ ਪਵੇਗਾ?","8","{""totalVolume"":66,""liquid1"":""acid"",""liquid2"":""water"",""ratio1"":5,""ratio2"":6,""finalRatio1"":15,""finalRatio2"":22}","RAP-ES-006"
"RAP-QL-029","RAP-CP-006","threeComponentMixture","Hard","ਇੱਕ solution ਵਿੱਚ acid, water ਅਤੇ syrup ਦਾ ਅਨੁਪਾਤ 2:3:4 ਹੈ। 9 ਲੀਟਰ water ਮਿਲਾਉਣ 'ਤੇ ਨਵਾਂ ਅਨੁਪਾਤ 4:15:8 ਹੋ ਜਾਂਦਾ ਹੈ। ਸ਼ੁਰੂ ਵਿੱਚ ਮਿਸ਼ਰਣ ਦੀ ਕੁੱਲ ਮਾਤਰਾ ਪਤਾ ਕਰੋ।","18","{""mixtureType"":""solution"",""liquid1"":""acid"",""liquid2"":""water"",""liquid3"":""syrup"",""ratio1"":2,""ratio2"":3,""ratio3"":4,""addedAmount"":9,""finalRatio1"":4,""finalRatio2"":15,""finalRatio3"":8}","RAP-ES-006"
"RAP-QL-030","RAP-CP-006","variableReplacementRatio","Hard","80 ਲੀਟਰ milk ਵਿੱਚੋਂ 15 ਲੀਟਰ ਕੱਢ ਕੇ water ਮਿਲਾ ਦਿੱਤਾ ਜਾਂਦਾ ਹੈ ਅਤੇ ਫਿਰ ਦੁਬਾਰਾ 20 ਲੀਟਰ ਕੱਢ ਕੇ water ਮਿਲਾ ਦਿੱਤਾ ਜਾਂਦਾ ਹੈ। ਅੰਤ ਵਿੱਚ milk ਅਤੇ water ਦਾ ਅਨੁਪਾਤ ਕੀ ਹੋਵੇਗਾ?","49:31","{""initialVolume"":80,""liquidA"":""milk"",""removedVolume1"":15,""liquidB"":""water"",""removedVolume2"":20}","RAP-ES-006"
"RAP-QL-032","RAP-CP-006","acidConcentration","Medium","ਇੱਕ ਘੋਲ ਵਿੱਚ 50 ਲੀਟਰ ਐਸਿਡ ਅਤੇ 100 ਲੀਟਰ ਪਾਣੀ ਹੈ। ਘੋਲ ਵਿੱਚ ਐਸਿਡ ਦਾ ਪ੍ਰਤੀਸ਼ਤ ਪਤਾ ਕਰੋ।","33.3333%","{""acidVolume"":50,""waterVolume"":100}","RAP-ES-006"
"RAP-QL-027","RAP-CP-006","binaryMixture","Medium","ਇੱਕ ਮਿਸ਼ਰਣ ਵਿੱਚ milk ਅਤੇ water ਦਾ ਅਨੁਪਾਤ 1:2 ਹੈ। ਜੇਕਰ ਇਸ ਵਿੱਚ 8 ਲੀਟਰ milk ਮਿਲਾ ਦਿੱਤਾ ਜਾਵੇ, ਤਾਂ ਅਨੁਪਾਤ 15:14 ਹੋ ਜਾਂਦਾ ਹੈ। ਸ਼ੁਰੂ ਵਿੱਚ water ਦੀ ਮਾਤਰਾ ਕਿੰਨੀ ਸੀ?","14","{""liquid1"":""milk"",""liquid2"":""water"",""ratio1"":1,""ratio2"":2,""addedAmount"":8,""finalRatio1"":15,""finalRatio2"":14}","RAP-ES-006"
"RAP-QL-028","RAP-CP-006","mixtureComponentFinding","Medium","ਮਿਸ਼ਰਣ ਦੇ 45 ਲੀਟਰ ਵਿੱਚ acid ਅਤੇ water ਦਾ ਅਨੁਪਾਤ 8:1 ਹੈ। ਅਨੁਪਾਤ ਨੂੰ 20:11 ਬਣਾਉਣ ਲਈ ਕਿੰਨੇ ਲੀਟਰ water ਹੋਰ ਮਿਲਾਉਣਾ ਪਵੇਗਾ?","17","{""totalVolume"":45,""liquid1"":""acid"",""liquid2"":""water"",""ratio1"":8,""ratio2"":1,""finalRatio1"":20,""finalRatio2"":11}","RAP-ES-006"
"RAP-QL-029","RAP-CP-006","threeComponentMixture","Medium","ਇੱਕ solution ਵਿੱਚ acid, water ਅਤੇ syrup ਦਾ ਅਨੁਪਾਤ 5:6:7 ਹੈ। 14 ਲੀਟਰ water ਮਿਲਾਉਣ 'ਤੇ ਨਵਾਂ ਅਨੁਪਾਤ 15:25:21 ਹੋ ਜਾਂਦਾ ਹੈ। ਸ਼ੁਰੂ ਵਿੱਚ ਮਿਸ਼ਰਣ ਦੀ ਕੁੱਲ ਮਾਤਰਾ ਪਤਾ ਕਰੋ।","108","{""mixtureType"":""solution"",""liquid1"":""acid"",""liquid2"":""water"",""liquid3"":""syrup"",""ratio1"":5,""ratio2"":6,""ratio3"":7,""addedAmount"":14,""finalRatio1"":15,""finalRatio2"":25,""finalRatio3"":21}","RAP-ES-006"
"RAP-QL-030","RAP-CP-006","variableReplacementRatio","Easy","130 ਲੀਟਰ milk ਵਿੱਚੋਂ 40 ਲੀਟਰ ਕੱਢ ਕੇ water ਮਿਲਾ ਦਿੱਤਾ ਜਾਂਦਾ ਹੈ ਅਤੇ ਫਿਰ ਦੁਬਾਰਾ 5 ਲੀਟਰ ਕੱਢ ਕੇ water ਮਿਲਾ ਦਿੱਤਾ ਜਾਂਦਾ ਹੈ। ਅੰਤ ਵਿੱਚ milk ਅਤੇ water ਦਾ ਅਨੁਪਾਤ ਕੀ ਹੋਵੇਗਾ?","87:43","{""initialVolume"":130,""liquidA"":""milk"",""removedVolume1"":40,""liquidB"":""water"",""removedVolume2"":5}","RAP-ES-006"
"RAP-QL-032","RAP-CP-006","acidConcentration","Easy","ਇੱਕ ਘੋਲ ਵਿੱਚ 45 ਲੀਟਰ ਐਸਿਡ ਅਤੇ 25 ਲੀਟਰ ਪਾਣੀ ਹੈ। ਘੋਲ ਵਿੱਚ ਐਸਿਡ ਦਾ ਪ੍ਰਤੀਸ਼ਤ ਪਤਾ ਕਰੋ।","64.2857%","{""acidVolume"":45,""waterVolume"":25}","RAP-ES-006"
"RAP-QL-027","RAP-CP-006","binaryMixture","Medium","ਇੱਕ ਮਿਸ਼ਰਣ ਵਿੱਚ milk ਅਤੇ water ਦਾ ਅਨੁਪਾਤ 7:8 ਹੈ। ਜੇਕਰ ਇਸ ਵਿੱਚ 18 ਲੀਟਰ milk ਮਿਲਾ ਦਿੱਤਾ ਜਾਵੇ, ਤਾਂ ਅਨੁਪਾਤ 9:8 ਹੋ ਜਾਂਦਾ ਹੈ। ਸ਼ੁਰੂ ਵਿੱਚ water ਦੀ ਮਾਤਰਾ ਕਿੰਨੀ ਸੀ?","72","{""liquid1"":""milk"",""liquid2"":""water"",""ratio1"":7,""ratio2"":8,""addedAmount"":18,""finalRatio1"":9,""finalRatio2"":8}","RAP-ES-006"
"RAP-QL-028","RAP-CP-006","mixtureComponentFinding","Easy","ਮਿਸ਼ਰਣ ਦੇ 91 ਲੀਟਰ ਵਿੱਚ acid ਅਤੇ water ਦਾ ਅਨੁਪਾਤ 6:7 ਹੈ। ਅਨੁਪਾਤ ਨੂੰ 3:4 ਬਣਾਉਣ ਲਈ ਕਿੰਨੇ ਲੀਟਰ water ਹੋਰ ਮਿਲਾਉਣਾ ਪਵੇਗਾ?","7","{""totalVolume"":91,""liquid1"":""acid"",""liquid2"":""water"",""ratio1"":6,""ratio2"":7,""finalRatio1"":3,""finalRatio2"":4}","RAP-ES-006"
"RAP-QL-029","RAP-CP-006","threeComponentMixture","Easy","ਇੱਕ solution ਵਿੱਚ acid, water ਅਤੇ syrup ਦਾ ਅਨੁਪਾਤ 3:4:5 ਹੈ। 4 ਲੀਟਰ water ਮਿਲਾਉਣ 'ਤੇ ਨਵਾਂ ਅਨੁਪਾਤ 9:16:15 ਹੋ ਜਾਂਦਾ ਹੈ। ਸ਼ੁਰੂ ਵਿੱਚ ਮਿਸ਼ਰਣ ਦੀ ਕੁੱਲ ਮਾਤਰਾ ਪਤਾ ਕਰੋ।","36","{""mixtureType"":""solution"",""liquid1"":""acid"",""liquid2"":""water"",""liquid3"":""syrup"",""ratio1"":3,""ratio2"":4,""ratio3"":5,""addedAmount"":4,""finalRatio1"":9,""finalRatio2"":16,""finalRatio3"":15}","RAP-ES-006"
"RAP-QL-030","RAP-CP-006","variableReplacementRatio","Hard","70 ਲੀਟਰ milk ਵਿੱਚੋਂ 10 ਲੀਟਰ ਕੱਢ ਕੇ water ਮਿਲਾ ਦਿੱਤਾ ਜਾਂਦਾ ਹੈ ਅਤੇ ਫਿਰ ਦੁਬਾਰਾ 15 ਲੀਟਰ ਕੱਢ ਕੇ water ਮਿਲਾ ਦਿੱਤਾ ਜਾਂਦਾ ਹੈ। ਅੰਤ ਵਿੱਚ milk ਅਤੇ water ਦਾ ਅਨੁਪਾਤ ਕੀ ਹੋਵੇਗਾ?","47:23","{""initialVolume"":70,""liquidA"":""milk"",""removedVolume1"":10,""liquidB"":""water"",""removedVolume2"":15}","RAP-ES-006"
"RAP-QL-032","RAP-CP-006","acidConcentration","Hard","ਇੱਕ ਘੋਲ ਵਿੱਚ 15 ਲੀਟਰ ਐਸਿਡ ਅਤੇ 75 ਲੀਟਰ ਪਾਣੀ ਹੈ। ਘੋਲ ਵਿੱਚ ਐਸਿਡ ਦਾ ਪ੍ਰਤੀਸ਼ਤ ਪਤਾ ਕਰੋ।","16.6667%","{""acidVolume"":15,""waterVolume"":75}","RAP-ES-006"
"RAP-QL-027","RAP-CP-006","binaryMixture","Hard","ਇੱਕ ਮਿਸ਼ਰਣ ਵਿੱਚ milk ਅਤੇ water ਦਾ ਅਨੁਪਾਤ 2:3 ਹੈ। ਜੇਕਰ ਇਸ ਵਿੱਚ 3 ਲੀਟਰ milk ਮਿਲਾ ਦਿੱਤਾ ਜਾਵੇ, ਤਾਂ ਅਨੁਪਾਤ 19:24 ਹੋ ਜਾਂਦਾ ਹੈ। ਸ਼ੁਰੂ ਵਿੱਚ water ਦੀ ਮਾਤਰਾ ਕਿੰਨੀ ਸੀ?","24","{""liquid1"":""milk"",""liquid2"":""water"",""ratio1"":2,""ratio2"":3,""addedAmount"":3,""finalRatio1"":19,""finalRatio2"":24}","RAP-ES-006"
"RAP-QL-028","RAP-CP-006","mixtureComponentFinding","Hard","ਮਿਸ਼ਰਣ ਦੇ 18 ਲੀਟਰ ਵਿੱਚ acid ਅਤੇ water ਦਾ ਅਨੁਪਾਤ 1:2 ਹੈ। ਅਨੁਪਾਤ ਨੂੰ 3:14 ਬਣਾਉਣ ਲਈ ਕਿੰਨੇ ਲੀਟਰ water ਹੋਰ ਮਿਲਾਉਣਾ ਪਵੇਗਾ?","16","{""totalVolume"":18,""liquid1"":""acid"",""liquid2"":""water"",""ratio1"":1,""ratio2"":2,""finalRatio1"":3,""finalRatio2"":14}","RAP-ES-006"
"RAP-QL-029","RAP-CP-006","threeComponentMixture","Medium","ਇੱਕ solution ਵਿੱਚ acid, water ਅਤੇ syrup ਦਾ ਅਨੁਪਾਤ 6:7:8 ਹੈ। 9 ਲੀਟਰ water ਮਿਲਾਉਣ 'ਤੇ ਨਵਾਂ ਅਨੁਪਾਤ 21:29:28 ਹੋ ਜਾਂਦਾ ਹੈ। ਸ਼ੁਰੂ ਵਿੱਚ ਮਿਸ਼ਰਣ ਦੀ ਕੁੱਲ ਮਾਤਰਾ ਪਤਾ ਕਰੋ।","147","{""mixtureType"":""solution"",""liquid1"":""acid"",""liquid2"":""water"",""liquid3"":""syrup"",""ratio1"":6,""ratio2"":7,""ratio3"":8,""addedAmount"":9,""finalRatio1"":21,""finalRatio2"":29,""finalRatio3"":28}","RAP-ES-006"
"RAP-QL-030","RAP-CP-006","variableReplacementRatio","Medium","120 ਲੀਟਰ milk ਵਿੱਚੋਂ 5 ਲੀਟਰ ਕੱਢ ਕੇ water ਮਿਲਾ ਦਿੱਤਾ ਜਾਂਦਾ ਹੈ ਅਤੇ ਫਿਰ ਦੁਬਾਰਾ 10 ਲੀਟਰ ਕੱਢ ਕੇ water ਮਿਲਾ ਦਿੱਤਾ ਜਾਂਦਾ ਹੈ। ਅੰਤ ਵਿੱਚ milk ਅਤੇ water ਦਾ ਅਨੁਪਾਤ ਕੀ ਹੋਵੇਗਾ?","7:1","{""initialVolume"":120,""liquidA"":""milk"",""removedVolume1"":5,""liquidB"":""water"",""removedVolume2"":10}","RAP-ES-006"
"RAP-QL-032","RAP-CP-006","acidConcentration","Medium","ਇੱਕ ਘੋਲ ਵਿੱਚ 40 ਲੀਟਰ ਐਸਿਡ ਅਤੇ 100 ਲੀਟਰ ਪਾਣੀ ਹੈ। ਘੋਲ ਵਿੱਚ ਐਸਿਡ ਦਾ ਪ੍ਰਤੀਸ਼ਤ ਪਤਾ ਕਰੋ।","28.5714%","{""acidVolume"":40,""waterVolume"":100}","RAP-ES-006"
"RAP-QL-001","RAP-CP-001","simpleLinkage","Medium","ਜੇਕਰ ਅਨੁਪਾਤ Charu:Aman 5:6 ਹੈ ਅਤੇ Aman:Bina ਦਾ ਅਨੁਪਾਤ 6:7 ਹੈ, ਤਾਂ Charu:Aman:Bina ਦਾ ਸਾਂਝਾ ਅਨੁਪਾਤ ਕੀ ਹੋਵੇਗਾ?","5:6:7","{""personA"":""Charu"",""personB"":""Aman"",""personC"":""Bina"",""ratioA1"":5,""ratioB1"":6,""ratioB2"":6,""ratioC2"":7}","RAP-ES-001"
"RAP-QL-002","RAP-CP-001","ratioNormalization","Easy","9/3 : 2/2 ਦੇ ਬਰਾਬਰ ਸਭ ਤੋਂ ਸਰਲ ਪੂਰਨ ਸੰਖਿਆ ਅਨੁਪਾਤ ਕੀ ਹੈ?","3:1","{""numerator1"":9,""denominator1"":3,""numerator2"":2,""denominator2"":2}","RAP-ES-001"
"RAP-QL-003","RAP-CP-001","ratioTreeLinkage","Easy","ਦਿੱਤਾ ਗਿਆ ਹੈ ਕਿ Aman:Deepak = 8:1, Deepak:Esha = 1:2 ਅਤੇ Esha:Bina = 2:3 ਹੈ। Aman ਅਤੇ Bina ਵਿਚਕਾਰ ਅਨੁਪਾਤ ਪਤਾ ਕਰੋ।","8:3","{""personA"":""Aman"",""personB"":""Deepak"",""personC"":""Esha"",""personD"":""Bina"",""ratioA"":8,""ratioB"":1,""ratioB_prime"":1,""ratioC"":2,""ratioC_prime"":2,""ratioD"":3}","RAP-ES-001"
"RAP-QL-004","RAP-CP-001","scalingByComponent","Hard","ਇੱਕ class ਵਿੱਚ boys ਅਤੇ girls ਦਾ ਅਨੁਪਾਤ 4:5 ਹੈ। ਜੇਕਰ ਉੱਥੇ 8 boys ਹੋਣ, ਤਾਂ girls ਦੀ ਗਿਣਤੀ ਕਿੰਨੀ ਹੋਵੇਗੀ?","10","{""groupName"":""class"",""personA"":""boys"",""personB"":""girls"",""ratioA"":4,""ratioB"":5,""valueA"":8}","RAP-ES-001"
"RAP-QL-006","RAP-CP-001","decimalNormalization","Hard","ਦਸ਼ਮਲਵ ਅਨੁਪਾਤ 0.1 : 2 ਦੇ ਬਰਾਬਰ ਸਭ ਤੋਂ ਸਰਲ ਪੂਰਨ ਸੰਖਿਆ ਅਨੁਪਾਤ ਲਿਖੋ।","1:20","{""decimalA"":0.1,""decimalB"":2}","RAP-ES-001"
"RAP-QL-001","RAP-CP-001","simpleLinkage","Hard","ਜੇਕਰ ਅਨੁਪਾਤ Farhan:Gita 2:3 ਹੈ ਅਤੇ Gita:Harsh ਦਾ ਅਨੁਪਾਤ 3:4 ਹੈ, ਤਾਂ Farhan:Gita:Harsh ਦਾ ਸਾਂਝਾ ਅਨੁਪਾਤ ਕੀ ਹੋਵੇਗਾ?","2:3:4","{""personA"":""Farhan"",""personB"":""Gita"",""personC"":""Harsh"",""ratioA1"":2,""ratioB1"":3,""ratioB2"":3,""ratioC2"":4}","RAP-ES-001"
"RAP-QL-002","RAP-CP-001","ratioNormalization","Hard","4/2 : 9/3 ਦੇ ਬਰਾਬਰ ਸਭ ਤੋਂ ਸਰਲ ਪੂਰਨ ਸੰਖਿਆ ਅਨੁਪਾਤ ਕੀ ਹੈ?","2:3","{""numerator1"":4,""denominator1"":2,""numerator2"":9,""denominator2"":3}","RAP-ES-001"
"RAP-QL-003","RAP-CP-001","ratioTreeLinkage","Medium","ਦਿੱਤਾ ਗਿਆ ਹੈ ਕਿ Deepak:Aman = 3:4, Aman:Charu = 4:5 ਅਤੇ Charu:Bina = 5:6 ਹੈ। Deepak ਅਤੇ Bina ਵਿਚਕਾਰ ਅਨੁਪਾਤ ਪਤਾ ਕਰੋ।","1:2","{""personA"":""Deepak"",""personB"":""Aman"",""personC"":""Charu"",""personD"":""Bina"",""ratioA"":3,""ratioB"":4,""ratioB_prime"":4,""ratioC"":5,""ratioC_prime"":5,""ratioD"":6}","RAP-ES-001"
"RAP-QL-004","RAP-CP-001","scalingByComponent","Medium","ਇੱਕ batch ਵਿੱਚ pens ਅਤੇ pencils ਦਾ ਅਨੁਪਾਤ 1:2 ਹੈ। ਜੇਕਰ ਉੱਥੇ 4 pens ਹੋਣ, ਤਾਂ pencils ਦੀ ਗਿਣਤੀ ਕਿੰਨੀ ਹੋਵੇਗੀ?","8","{""groupName"":""batch"",""personA"":""pens"",""personB"":""pencils"",""ratioA"":1,""ratioB"":2,""valueA"":4}","RAP-ES-001"
"RAP-QL-006","RAP-CP-001","decimalNormalization","Medium","ਦਸ਼ਮਲਵ ਅਨੁਪਾਤ 0.6 : 0.9 ਦੇ ਬਰਾਬਰ ਸਭ ਤੋਂ ਸਰਲ ਪੂਰਨ ਸੰਖਿਆ ਅਨੁਪਾਤ ਲਿਖੋ।","2:3","{""decimalA"":0.6,""decimalB"":0.9}","RAP-ES-001"
"RAP-QL-001","RAP-CP-001","simpleLinkage","Medium","ਜੇਕਰ ਅਨੁਪਾਤ Deepak:Farhan 4:5 ਹੈ ਅਤੇ Farhan:Esha ਦਾ ਅਨੁਪਾਤ 5:6 ਹੈ, ਤਾਂ Deepak:Farhan:Esha ਦਾ ਸਾਂਝਾ ਅਨੁਪਾਤ ਕੀ ਹੋਵੇਗਾ?","4:5:6","{""personA"":""Deepak"",""personB"":""Farhan"",""personC"":""Esha"",""ratioA1"":4,""ratioB1"":5,""ratioB2"":5,""ratioC2"":6}","RAP-ES-001"
"RAP-QL-002","RAP-CP-001","ratioNormalization","Medium","2/2 : 6/3 ਦੇ ਬਰਾਬਰ ਸਭ ਤੋਂ ਸਰਲ ਪੂਰਨ ਸੰਖਿਆ ਅਨੁਪਾਤ ਕੀ ਹੈ?","1:2","{""numerator1"":2,""denominator1"":2,""numerator2"":6,""denominator2"":3}","RAP-ES-001"
"RAP-QL-003","RAP-CP-001","ratioTreeLinkage","Medium","ਦਿੱਤਾ ਗਿਆ ਹੈ ਕਿ Bina:Harsh = 1:2, Harsh:Gita = 2:3 ਅਤੇ Gita:Deepak = 3:4 ਹੈ। Bina ਅਤੇ Deepak ਵਿਚਕਾਰ ਅਨੁਪਾਤ ਪਤਾ ਕਰੋ।","1:4","{""personA"":""Bina"",""personB"":""Harsh"",""personC"":""Gita"",""personD"":""Deepak"",""ratioA"":1,""ratioB"":2,""ratioB_prime"":2,""ratioC"":3,""ratioC_prime"":3,""ratioD"":4}","RAP-ES-001"
"RAP-QL-004","RAP-CP-001","scalingByComponent","Medium","ਇੱਕ batch ਵਿੱਚ cats ਅਤੇ dogs ਦਾ ਅਨੁਪਾਤ 3:4 ਹੈ। ਜੇਕਰ ਉੱਥੇ 9 cats ਹੋਣ, ਤਾਂ dogs ਦੀ ਗਿਣਤੀ ਕਿੰਨੀ ਹੋਵੇਗੀ?","12","{""groupName"":""batch"",""personA"":""cats"",""personB"":""dogs"",""ratioA"":3,""ratioB"":4,""valueA"":9}","RAP-ES-001"
"RAP-QL-006","RAP-CP-001","decimalNormalization","Easy","ਦਸ਼ਮਲਵ ਅਨੁਪਾਤ 0.2 : 1.5 ਦੇ ਬਰਾਬਰ ਸਭ ਤੋਂ ਸਰਲ ਪੂਰਨ ਸੰਖਿਆ ਅਨੁਪਾਤ ਲਿਖੋ।","2:15","{""decimalA"":0.2,""decimalB"":1.5}","RAP-ES-001"
"RAP-QL-007","RAP-CP-002","basicPartition","Easy","Rs. 2090 ਦੀ ਰਾਸ਼ੀ ਨੂੰ Gita, Charu ਅਤੇ Deepak ਵਿੱਚ 8:1:2 ਦੇ ਅਨੁਪਾਤ ਵਿੱਚ ਵੰਡਿਆ ਗਿਆ ਹੈ। Gita ਦਾ ਹਿੱਸਾ ਕਿੰਨਾ ਹੈ?","1520","{""totalAmount"":2090,""personA"":""Gita"",""personB"":""Charu"",""personC"":""Deepak"",""ratioA"":8,""ratioB"":1,""ratioC"":2,""targetPerson"":""Gita""}","RAP-ES-002"
"RAP-QL-008","RAP-CP-002","shareDifference","Hard","Rs. 800 ਨੂੰ Farhan, Deepak ਅਤੇ Esha ਵਿੱਚ 4:3:3 ਦੇ ਅਨੁਪਾਤ ਵਿੱਚ ਵੰਡਿਆ ਜਾਂਦਾ ਹੈ। Farhan ਨੂੰ Esha ਨਾਲੋਂ ਕਿੰਨੇ ਰੁਪਏ ਵੱਧ ਮਿਲੇ?","80","{""totalAmount"":800,""personA"":""Farhan"",""personB"":""Deepak"",""personC"":""Esha"",""ratioA"":4,""ratioB"":3,""ratioC"":3}","RAP-ES-002"
"RAP-QL-009","RAP-CP-002","reversePartition","Hard","Esha, Farhan ਅਤੇ Gita ਦੇ ਹਿੱਸੇ 5:4:4 ਦੇ ਅਨੁਪਾਤ ਵਿੱਚ ਹਨ। ਜੇਕਰ Esha ਨੂੰ Gita ਨਾਲੋਂ Rs. 160 ਵੱਧ ਮਿਲਦੇ ਹਨ, ਤਾਂ ਵੰਡੀ ਗਈ ਕੁੱਲ ਰਾਸ਼ੀ ਪਤਾ ਕਰੋ।","2080","{""personA"":""Esha"",""personB"":""Farhan"",""personC"":""Gita"",""ratioA"":5,""ratioB"":4,""ratioC"":4,""shareDifference"":160}","RAP-ES-002"
"RAP-QL-011","RAP-CP-002","salaryDistribution","Hard","Gita ਦੇ ਮਹੀਨਾਵਾਰ ਖਰਚੇ ਅਤੇ ਬਚਤ ਦਾ ਅਨੁਪਾਤ 7:3 ਹੈ। ਜੇਕਰ ਕੁੱਲ ਤਨਖਾਹ Rs. 33000 ਹੋਵੇ, ਤਾਂ Gita ਹਰ ਮਹੀਨੇ ਕਿੰਨੀ ਬਚਤ ਕਰਦਾ ਹੈ?","9900","{""personA"":""Gita"",""ratioExp"":7,""ratioSav"":3,""totalSalary"":33000}","RAP-ES-002"
"RAP-QL-007","RAP-CP-002","basicPartition","Hard","Rs. 1950 ਦੀ ਰਾਸ਼ੀ ਨੂੰ Charu, Harsh ਅਤੇ Aman ਵਿੱਚ 4:5:6 ਦੇ ਅਨੁਪਾਤ ਵਿੱਚ ਵੰਡਿਆ ਗਿਆ ਹੈ। Aman ਦਾ ਹਿੱਸਾ ਕਿੰਨਾ ਹੈ?","780","{""totalAmount"":1950,""personA"":""Charu"",""personB"":""Harsh"",""personC"":""Aman"",""ratioA"":4,""ratioB"":5,""ratioC"":6,""targetPerson"":""Aman""}","RAP-ES-002"
"RAP-QL-008","RAP-CP-002","shareDifference","Hard","Rs. 2280 ਨੂੰ Esha, Farhan ਅਤੇ Charu ਵਿੱਚ 7:6:6 ਦੇ ਅਨੁਪਾਤ ਵਿੱਚ ਵੰਡਿਆ ਜਾਂਦਾ ਹੈ। Esha ਨੂੰ Charu ਨਾਲੋਂ ਕਿੰਨੇ ਰੁਪਏ ਵੱਧ ਮਿਲੇ?","120","{""totalAmount"":2280,""personA"":""Esha"",""personB"":""Farhan"",""personC"":""Charu"",""ratioA"":7,""ratioB"":6,""ratioC"":6}","RAP-ES-002"
"RAP-QL-009","RAP-CP-002","reversePartition","Hard","Deepak, Gita ਅਤੇ Esha ਦੇ ਹਿੱਸੇ 8:7:6 ਦੇ ਅਨੁਪਾਤ ਵਿੱਚ ਹਨ। ਜੇਕਰ Deepak ਨੂੰ Esha ਨਾਲੋਂ Rs. 400 ਵੱਧ ਮਿਲਦੇ ਹਨ, ਤਾਂ ਵੰਡੀ ਗਈ ਕੁੱਲ ਰਾਸ਼ੀ ਪਤਾ ਕਰੋ।","4200","{""personA"":""Deepak"",""personB"":""Gita"",""personC"":""Esha"",""ratioA"":8,""ratioB"":7,""ratioC"":6,""shareDifference"":400}","RAP-ES-002"
"RAP-QL-011","RAP-CP-002","salaryDistribution","Hard","Harsh ਦੇ ਮਹੀਨਾਵਾਰ ਖਰਚੇ ਅਤੇ ਬਚਤ ਦਾ ਅਨੁਪਾਤ 8:4 ਹੈ। ਜੇਕਰ ਕੁੱਲ ਤਨਖਾਹ Rs. 14400 ਹੋਵੇ, ਤਾਂ Harsh ਹਰ ਮਹੀਨੇ ਕਿੰਨੀ ਬਚਤ ਕਰਦਾ ਹੈ?","4800","{""personA"":""Harsh"",""ratioExp"":8,""ratioSav"":4,""totalSalary"":14400}","RAP-ES-002"
"RAP-QL-007","RAP-CP-002","basicPartition","Medium","Rs. 3060 ਦੀ ਰਾਸ਼ੀ ਨੂੰ Bina, Aman ਅਤੇ Harsh ਵਿੱਚ 5:6:7 ਦੇ ਅਨੁਪਾਤ ਵਿੱਚ ਵੰਡਿਆ ਗਿਆ ਹੈ। Bina ਦਾ ਹਿੱਸਾ ਕਿੰਨਾ ਹੈ?","850","{""totalAmount"":3060,""personA"":""Bina"",""personB"":""Aman"",""personC"":""Harsh"",""ratioA"":5,""ratioB"":6,""ratioC"":7,""targetPerson"":""Bina""}","RAP-ES-002"
"RAP-QL-008","RAP-CP-002","shareDifference","Medium","Rs. 900 ਨੂੰ Aman, Charu ਅਤੇ Bina ਵਿੱਚ 9:2:4 ਦੇ ਅਨੁਪਾਤ ਵਿੱਚ ਵੰਡਿਆ ਜਾਂਦਾ ਹੈ। Aman ਨੂੰ Bina ਨਾਲੋਂ ਕਿੰਨੇ ਰੁਪਏ ਵੱਧ ਮਿਲੇ?","300","{""totalAmount"":900,""personA"":""Aman"",""personB"":""Charu"",""personC"":""Bina"",""ratioA"":9,""ratioB"":2,""ratioC"":4}","RAP-ES-002"
"RAP-QL-009","RAP-CP-002","reversePartition","Medium","Harsh, Charu ਅਤੇ Bina ਦੇ ਹਿੱਸੇ 4:3:3 ਦੇ ਅਨੁਪਾਤ ਵਿੱਚ ਹਨ। ਜੇਕਰ Harsh ਨੂੰ Bina ਨਾਲੋਂ Rs. 140 ਵੱਧ ਮਿਲਦੇ ਹਨ, ਤਾਂ ਵੰਡੀ ਗਈ ਕੁੱਲ ਰਾਸ਼ੀ ਪਤਾ ਕਰੋ।","1400","{""personA"":""Harsh"",""personB"":""Charu"",""personC"":""Bina"",""ratioA"":4,""ratioB"":3,""ratioC"":3,""shareDifference"":140}","RAP-ES-002"
"RAP-QL-011","RAP-CP-002","salaryDistribution","Medium","Deepak ਦੇ ਮਹੀਨਾਵਾਰ ਖਰਚੇ ਅਤੇ ਬਚਤ ਦਾ ਅਨੁਪਾਤ 5:4 ਹੈ। ਜੇਕਰ ਕੁੱਲ ਤਨਖਾਹ Rs. 44100 ਹੋਵੇ, ਤਾਂ Deepak ਹਰ ਮਹੀਨੇ ਕਿੰਨੀ ਬਚਤ ਕਰਦਾ ਹੈ?","19600","{""personA"":""Deepak"",""ratioExp"":5,""ratioSav"":4,""totalSalary"":44100}","RAP-ES-002"
"RAP-QL-007","RAP-CP-002","basicPartition","Easy","Rs. 660 ਦੀ ਰਾਸ਼ੀ ਨੂੰ Farhan, Esha ਅਤੇ Deepak ਵਿੱਚ 1:2:3 ਦੇ ਅਨੁਪਾਤ ਵਿੱਚ ਵੰਡਿਆ ਗਿਆ ਹੈ। Esha ਦਾ ਹਿੱਸਾ ਕਿੰਨਾ ਹੈ?","220","{""totalAmount"":660,""personA"":""Farhan"",""personB"":""Esha"",""personC"":""Deepak"",""ratioA"":1,""ratioB"":2,""ratioC"":3,""targetPerson"":""Esha""}","RAP-ES-002"
"RAP-QL-008","RAP-CP-002","shareDifference","Easy","Rs. 3610 ਨੂੰ Esha, Gita ਅਤੇ Farhan ਵਿੱਚ 9:2:8 ਦੇ ਅਨੁਪਾਤ ਵਿੱਚ ਵੰਡਿਆ ਜਾਂਦਾ ਹੈ। Esha ਨੂੰ Farhan ਨਾਲੋਂ ਕਿੰਨੇ ਰੁਪਏ ਵੱਧ ਮਿਲੇ?","190","{""totalAmount"":3610,""personA"":""Esha"",""personB"":""Gita"",""personC"":""Farhan"",""ratioA"":9,""ratioB"":2,""ratioC"":8}","RAP-ES-002"
"RAP-QL-009","RAP-CP-002","reversePartition","Hard","Deepak, Harsh ਅਤੇ Gita ਦੇ ਹਿੱਸੇ 6:5:3 ਦੇ ਅਨੁਪਾਤ ਵਿੱਚ ਹਨ। ਜੇਕਰ Deepak ਨੂੰ Gita ਨਾਲੋਂ Rs. 240 ਵੱਧ ਮਿਲਦੇ ਹਨ, ਤਾਂ ਵੰਡੀ ਗਈ ਕੁੱਲ ਰਾਸ਼ੀ ਪਤਾ ਕਰੋ।","1120","{""personA"":""Deepak"",""personB"":""Harsh"",""personC"":""Gita"",""ratioA"":6,""ratioB"":5,""ratioC"":3,""shareDifference"":240}","RAP-ES-002"
"RAP-QL-011","RAP-CP-002","salaryDistribution","Easy","Esha ਦੇ ਮਹੀਨਾਵਾਰ ਖਰਚੇ ਅਤੇ ਬਚਤ ਦਾ ਅਨੁਪਾਤ 6:5 ਹੈ। ਜੇਕਰ ਕੁੱਲ ਤਨਖਾਹ Rs. 26400 ਹੋਵੇ, ਤਾਂ Esha ਹਰ ਮਹੀਨੇ ਕਿੰਨੀ ਬਚਤ ਕਰਦਾ ਹੈ?","12000","{""personA"":""Esha"",""ratioExp"":6,""ratioSav"":5,""totalSalary"":26400}","RAP-ES-002"
"RAP-QL-007","RAP-CP-002","basicPartition","Easy","Rs. 180 ਦੀ ਰਾਸ਼ੀ ਨੂੰ Esha, Gita ਅਤੇ Charu ਵਿੱਚ 2:3:4 ਦੇ ਅਨੁਪਾਤ ਵਿੱਚ ਵੰਡਿਆ ਗਿਆ ਹੈ। Charu ਦਾ ਹਿੱਸਾ ਕਿੰਨਾ ਹੈ?","80","{""totalAmount"":180,""personA"":""Esha"",""personB"":""Gita"",""personC"":""Charu"",""ratioA"":2,""ratioB"":3,""ratioC"":4,""targetPerson"":""Charu""}","RAP-ES-002"
"RAP-QL-008","RAP-CP-002","shareDifference","Hard","Rs. 1500 ਨੂੰ Deepak, Esha ਅਤੇ Bina ਵਿੱਚ 6:5:4 ਦੇ ਅਨੁਪਾਤ ਵਿੱਚ ਵੰਡਿਆ ਜਾਂਦਾ ਹੈ। Deepak ਨੂੰ Bina ਨਾਲੋਂ ਕਿੰਨੇ ਰੁਪਏ ਵੱਧ ਮਿਲੇ?","200","{""totalAmount"":1500,""personA"":""Deepak"",""personB"":""Esha"",""personC"":""Bina"",""ratioA"":6,""ratioB"":5,""ratioC"":4}","RAP-ES-002"
"RAP-QL-009","RAP-CP-002","reversePartition","Hard","Charu, Farhan ਅਤੇ Deepak ਦੇ ਹਿੱਸੇ 9:2:6 ਦੇ ਅਨੁਪਾਤ ਵਿੱਚ ਹਨ। ਜੇਕਰ Charu ਨੂੰ Deepak ਨਾਲੋਂ Rs. 540 ਵੱਧ ਮਿਲਦੇ ਹਨ, ਤਾਂ ਵੰਡੀ ਗਈ ਕੁੱਲ ਰਾਸ਼ੀ ਪਤਾ ਕਰੋ।","3060","{""personA"":""Charu"",""personB"":""Farhan"",""personC"":""Deepak"",""ratioA"":9,""ratioB"":2,""ratioC"":6,""shareDifference"":540}","RAP-ES-002"
"RAP-QL-011","RAP-CP-002","salaryDistribution","Hard","Aman ਦੇ ਮਹੀਨਾਵਾਰ ਖਰਚੇ ਅਤੇ ਬਚਤ ਦਾ ਅਨੁਪਾਤ 7:1 ਹੈ। ਜੇਕਰ ਕੁੱਲ ਤਨਖਾਹ Rs. 16000 ਹੋਵੇ, ਤਾਂ Aman ਹਰ ਮਹੀਨੇ ਕਿੰਨੀ ਬਚਤ ਕਰਦਾ ਹੈ?","2000","{""personA"":""Aman"",""ratioExp"":7,""ratioSav"":1,""totalSalary"":16000}","RAP-ES-002"
"RAP-QL-012","RAP-CP-003","twoStateAddition","Hard","ਇੱਕ hostel ਵਿੱਚ girls ਅਤੇ teachers ਦਾ ਅਨੁਪਾਤ 4:6 ਹੈ। ਜੇਕਰ 15 ਹੋਰ girls ਆ ਜਾਣ, ਤਾਂ ਅਨੁਪਾਤ 7:6 ਹੋ ਜਾਂਦਾ ਹੈ। ਸ਼ੁਰੂ ਵਿੱਚ girls ਦੀ ਗਿਣਤੀ ਕਿੰਨੀ ਸੀ?","20","{""contextName"":""hostel"",""groupA"":""girls"",""groupB"":""teachers"",""ratioA"":4,""ratioB"":6,""addedCount"":15,""finalRatioA"":7,""finalRatioB"":6}","RAP-ES-003"
"RAP-QL-013","RAP-CP-003","twoStateSubtraction","Hard","ਇੱਕ section ਵਿੱਚ boys ਅਤੇ boys ਦਾ ਅਨੁਪਾਤ 8:7 ਹੈ। 6 boys ਦੇ ਚਲੇ ਜਾਣ ਨਾਲ ਅਨੁਪਾਤ ਬਦਲ ਕੇ 6:7 ਹੋ ਜਾਂਦਾ ਹੈ। ਸ਼ੁਰੂ ਵਿੱਚ ਕੁੱਲ ਕਿੰਨੇ ਲੋਕ ਸਨ?","45","{""contextName"":""section"",""groupA"":""boys"",""groupB"":""boys"",""ratioA"":8,""ratioB"":7,""removedCount"":6,""finalRatioA"":6,""finalRatioB"":7}","RAP-ES-003"
"RAP-QL-014","RAP-CP-003","twoStateTransfer","Hard","ਦੋ ਸੰਖਿਆਵਾਂ 8:9 ਦੇ ਅਨੁਪਾਤ ਵਿੱਚ ਹਨ। ਜੇਕਰ ਹਰੇਕ ਵਿੱਚ 19 ਜੋੜ ਦਿੱਤਾ ਜਾਵੇ, ਤਾਂ ਅਨੁਪਾਤ 99:109 ਹੋ ਜਾਂਦਾ ਹੈ। ਵੱਡੀ ਸੰਖਿਆ ਦਾ ਮੁੱਲ ਪਤਾ ਕਰੋ।","90","{""ratioA"":8,""ratioB"":9,""transferredCount"":19,""finalRatioA"":99,""finalRatioB"":109}","RAP-ES-003"
"RAP-QL-015","RAP-CP-003","incomeExpenditureSystem","Medium","Esha ਅਤੇ Farhan ਦੀ ਆਮਦਨ ਦਾ ਅਨੁਪਾਤ 6:2 ਹੈ ਅਤੇ ਉਹਨਾਂ ਦੇ ਖਰਚਿਆਂ ਦਾ ਅਨੁਪਾਤ 4:5 ਹੈ। ਜੇਕਰ ਦੋਵੇਂ Rs. 4400 ਦੀ ਬਚਤ ਕਰਦੇ ਹੋਣ, ਤਾਂ Esha ਦੀ ਆਮਦਨ ਕੀ ਹੈ?","1200","{""personA"":""Esha"",""personB"":""Farhan"",""incomeRatioA"":6,""incomeRatioB"":2,""expRatioA"":4,""expRatioB"":5,""savingsAmount"":4400}","RAP-ES-003"
"RAP-QL-016","RAP-CP-003","multiStageTransformation","Medium","ਇੱਕ ਸਕੂਲ ਵਿੱਚ ਮੁੰਡਿਆਂ ਅਤੇ ਕੁੜੀਆਂ ਦਾ ਅਨੁਪਾਤ 5:6 ਹੈ। ਜੇਕਰ 11 ਮੁੰਡੇ ਹੋਰ ਆ ਜਾਣ ਅਤੇ 6 ਕੁੜੀਆਂ ਚਲੀਆਂ ਜਾਣ, ਤਾਂ ਅਨੁਪਾਤ 41:30 ਹੋ ਜਾਂਦਾ ਹੈ। ਸ਼ੁਰੂ ਵਿੱਚ ਕੁੜੀਆਂ ਦੀ ਗਿਣਤੀ ਕਿੰਨੀ ਸੀ?","36","{""ratioA"":5,""ratioB"":6,""addedCount"":11,""removedCount"":6,""finalRatioA"":41,""finalRatioB"":30}","RAP-ES-003"
"RAP-QL-012","RAP-CP-003","twoStateAddition","Hard","ਇੱਕ hostel ਵਿੱਚ workers ਅਤੇ girls ਦਾ ਅਨੁਪਾਤ 2:4 ਹੈ। ਜੇਕਰ 13 ਹੋਰ workers ਆ ਜਾਣ, ਤਾਂ ਅਨੁਪਾਤ 27:28 ਹੋ ਜਾਂਦਾ ਹੈ। ਸ਼ੁਰੂ ਵਿੱਚ workers ਦੀ ਗਿਣਤੀ ਕਿੰਨੀ ਸੀ?","14","{""contextName"":""hostel"",""groupA"":""workers"",""groupB"":""girls"",""ratioA"":2,""ratioB"":4,""addedCount"":13,""finalRatioA"":27,""finalRatioB"":28}","RAP-ES-003"
"RAP-QL-013","RAP-CP-003","twoStateSubtraction","Medium","ਇੱਕ section ਵਿੱਚ players ਅਤੇ staff ਦਾ ਅਨੁਪਾਤ 6:5 ਹੈ। 4 players ਦੇ ਚਲੇ ਜਾਣ ਨਾਲ ਅਨੁਪਾਤ ਬਦਲ ਕੇ 10:9 ਹੋ ਜਾਂਦਾ ਹੈ। ਸ਼ੁਰੂ ਵਿੱਚ ਕੁੱਲ ਕਿੰਨੇ ਲੋਕ ਸਨ?","99","{""contextName"":""section"",""groupA"":""players"",""groupB"":""staff"",""ratioA"":6,""ratioB"":5,""removedCount"":4,""finalRatioA"":10,""finalRatioB"":9}","RAP-ES-003"
"RAP-QL-014","RAP-CP-003","twoStateTransfer","Medium","ਦੋ ਸੰਖਿਆਵਾਂ 6:9 ਦੇ ਅਨੁਪਾਤ ਵਿੱਚ ਹਨ। ਜੇਕਰ ਹਰੇਕ ਵਿੱਚ 17 ਜੋੜ ਦਿੱਤਾ ਜਾਵੇ, ਤਾਂ ਅਨੁਪਾਤ 35:44 ਹੋ ਜਾਂਦਾ ਹੈ। ਵੱਡੀ ਸੰਖਿਆ ਦਾ ਮੁੱਲ ਪਤਾ ਕਰੋ।","27","{""ratioA"":6,""ratioB"":9,""transferredCount"":17,""finalRatioA"":35,""finalRatioB"":44}","RAP-ES-003"
"RAP-QL-015","RAP-CP-003","incomeExpenditureSystem","Medium","Gita ਅਤੇ Farhan ਦੀ ਆਮਦਨ ਦਾ ਅਨੁਪਾਤ 8:2 ਹੈ ਅਤੇ ਉਹਨਾਂ ਦੇ ਖਰਚਿਆਂ ਦਾ ਅਨੁਪਾਤ 2:5 ਹੈ। ਜੇਕਰ ਦੋਵੇਂ Rs. 7200 ਦੀ ਬਚਤ ਕਰਦੇ ਹੋਣ, ਤਾਂ Gita ਦੀ ਆਮਦਨ ਕੀ ਹੈ?","4800","{""personA"":""Gita"",""personB"":""Farhan"",""incomeRatioA"":8,""incomeRatioB"":2,""expRatioA"":2,""expRatioB"":5,""savingsAmount"":7200}","RAP-ES-003"
"RAP-QL-016","RAP-CP-003","multiStageTransformation","Medium","ਇੱਕ ਸਕੂਲ ਵਿੱਚ ਮੁੰਡਿਆਂ ਅਤੇ ਕੁੜੀਆਂ ਦਾ ਅਨੁਪਾਤ 5:6 ਹੈ। ਜੇਕਰ 4 ਮੁੰਡੇ ਹੋਰ ਆ ਜਾਣ ਅਤੇ 7 ਕੁੜੀਆਂ ਚਲੀਆਂ ਜਾਣ, ਤਾਂ ਅਨੁਪਾਤ 44:41 ਹੋ ਜਾਂਦਾ ਹੈ। ਸ਼ੁਰੂ ਵਿੱਚ ਕੁੜੀਆਂ ਦੀ ਗਿਣਤੀ ਕਿੰਨੀ ਸੀ?","48","{""ratioA"":5,""ratioB"":6,""addedCount"":4,""removedCount"":7,""finalRatioA"":44,""finalRatioB"":41}","RAP-ES-003"
"RAP-QL-012","RAP-CP-003","twoStateAddition","Hard","ਇੱਕ hostel ਵਿੱਚ students ਅਤੇ employees ਦਾ ਅਨੁਪਾਤ 5:7 ਹੈ। ਜੇਕਰ 8 ਹੋਰ students ਆ ਜਾਣ, ਤਾਂ ਅਨੁਪਾਤ 19:21 ਹੋ ਜਾਂਦਾ ਹੈ। ਸ਼ੁਰੂ ਵਿੱਚ students ਦੀ ਗਿਣਤੀ ਕਿੰਨੀ ਸੀ?","30","{""contextName"":""hostel"",""groupA"":""students"",""groupB"":""employees"",""ratioA"":5,""ratioB"":7,""addedCount"":8,""finalRatioA"":19,""finalRatioB"":21}","RAP-ES-003"
"RAP-QL-013","RAP-CP-003","twoStateSubtraction","Hard","ਇੱਕ section ਵਿੱਚ girls ਅਤੇ coaches ਦਾ ਅਨੁਪਾਤ 5:4 ਹੈ। 4 girls ਦੇ ਚਲੇ ਜਾਣ ਨਾਲ ਅਨੁਪਾਤ ਬਦਲ ਕੇ 1:1 ਹੋ ਜਾਂਦਾ ਹੈ। ਸ਼ੁਰੂ ਵਿੱਚ ਕੁੱਲ ਕਿੰਨੇ ਲੋਕ ਸਨ?","36","{""contextName"":""section"",""groupA"":""girls"",""groupB"":""coaches"",""ratioA"":5,""ratioB"":4,""removedCount"":4,""finalRatioA"":1,""finalRatioB"":1}","RAP-ES-003"
"RAP-QL-014","RAP-CP-003","twoStateTransfer","Hard","ਦੋ ਸੰਖਿਆਵਾਂ 5:8 ਦੇ ਅਨੁਪਾਤ ਵਿੱਚ ਹਨ। ਜੇਕਰ ਹਰੇਕ ਵਿੱਚ 8 ਜੋੜ ਦਿੱਤਾ ਜਾਵੇ, ਤਾਂ ਅਨੁਪਾਤ 3:4 ਹੋ ਜਾਂਦਾ ਹੈ। ਵੱਡੀ ਸੰਖਿਆ ਦਾ ਮੁੱਲ ਪਤਾ ਕਰੋ।","16","{""ratioA"":5,""ratioB"":8,""transferredCount"":8,""finalRatioA"":3,""finalRatioB"":4}","RAP-ES-003"
"RAP-QL-015","RAP-CP-003","incomeExpenditureSystem","Hard","Deepak ਅਤੇ Gita ਦੀ ਆਮਦਨ ਦਾ ਅਨੁਪਾਤ 5:2 ਹੈ ਅਤੇ ਉਹਨਾਂ ਦੇ ਖਰਚਿਆਂ ਦਾ ਅਨੁਪਾਤ 3:4 ਹੈ। ਜੇਕਰ ਦੋਵੇਂ Rs. 4200 ਦੀ ਬਚਤ ਕਰਦੇ ਹੋਣ, ਤਾਂ Deepak ਦੀ ਆਮਦਨ ਕੀ ਹੈ?","1500","{""personA"":""Deepak"",""personB"":""Gita"",""incomeRatioA"":5,""incomeRatioB"":2,""expRatioA"":3,""expRatioB"":4,""savingsAmount"":4200}","RAP-ES-003"
"RAP-QL-016","RAP-CP-003","multiStageTransformation","Medium","ਇੱਕ ਸਕੂਲ ਵਿੱਚ ਮੁੰਡਿਆਂ ਅਤੇ ਕੁੜੀਆਂ ਦਾ ਅਨੁਪਾਤ 2:3 ਹੈ। ਜੇਕਰ 4 ਮੁੰਡੇ ਹੋਰ ਆ ਜਾਣ ਅਤੇ 20 ਕੁੜੀਆਂ ਚਲੀਆਂ ਜਾਣ, ਤਾਂ ਅਨੁਪਾਤ 18:1 ਹੋ ਜਾਂਦਾ ਹੈ। ਸ਼ੁਰੂ ਵਿੱਚ ਕੁੜੀਆਂ ਦੀ ਗਿਣਤੀ ਕਿੰਨੀ ਸੀ?","21","{""ratioA"":2,""ratioB"":3,""addedCount"":4,""removedCount"":20,""finalRatioA"":18,""finalRatioB"":1}","RAP-ES-003"
