"packageId","cpId","qlId","taskKind","primaryQuestionId","primarySeed","primaryFingerprint","primaryStem","variantQuestionId","variantSeed","variantFingerprint","variantStem","sameStem"
"RAP-001","RAP-CP-001","RAP-QL-001","simpleLinkage","RAP-CP-001:RAP-QL-001:55935","rap-001:human-review:RAP-QL-001:0:RAP-CP-001:0","fnv1a-d1d55605","Brother:mother = 7:8 and mother:sister = 8:1. Find brother:mother:sister.","RAP-CP-001:RAP-QL-001:87620","rap-001:same-ql-diversity:RAP-QL-001:7:RAP-CP-001:0","fnv1a-05eb3baf","Mother:sister = 4:5 and sister:father = 5:6. Find mother:sister:father.","false"
"RAP-001","RAP-CP-001","RAP-QL-101","simpleLinkage","RAP-CP-001:RAP-QL-101:83582","rap-001:human-review:RAP-QL-101:0:RAP-CP-001:0","fnv1a-2fe4f683","The ratio of father to brother is 6:7, while the ratio of brother to mother is 7:8. What is the combined ratio of all three?","RAP-CP-001:RAP-QL-101:82563","rap-001:same-ql-diversity:RAP-QL-101:7:RAP-CP-001:0","fnv1a-57d1ae20","The ratio of daughter to father is 3:4, while the ratio of father to brother is 4:5. What is the combined ratio of all three?","false"
"RAP-001","RAP-CP-001","RAP-QL-201","simpleLinkage","RAP-CP-001:RAP-QL-201:11229","rap-001:human-review:RAP-QL-201:0:RAP-CP-001:0","fnv1a-39533402","Son and sister are in the ratio 5:6. sister and daughter are in the ratio 6:7. Write the ratio son:sister:daughter.","RAP-CP-001:RAP-QL-201:10210","rap-001:same-ql-diversity:RAP-QL-201:7:RAP-CP-001:0","fnv1a-4768f1e2","Sister and son are in the ratio 2:3. son and father are in the ratio 3:4. Write the ratio sister:son:father.","false"
"RAP-001","RAP-CP-001","RAP-QL-301","simpleLinkage","RAP-CP-001:RAP-QL-301:38876","rap-001:human-review:RAP-QL-301:0:RAP-CP-001:0","fnv1a-596e1e89","Two linked ratios are given: brother:mother = 4:5 and mother:sister = 5:6. Combine them into brother:mother:sister.","RAP-CP-001:RAP-QL-301:37857","rap-001:same-ql-diversity:RAP-QL-301:7:RAP-CP-001:0","fnv1a-c68bbac7","Two linked ratios are given: mother:brother = 1:2 and brother:son = 2:3. Combine them into mother:brother:son.","false"
"RAP-001","RAP-CP-001","RAP-QL-401","simpleLinkage","RAP-CP-001:RAP-QL-401:66523","rap-001:human-review:RAP-QL-401:0:RAP-CP-001:0","fnv1a-1074dfa7","Given father:daughter = 3:4 and daughter:mother = 4:5, find the single ratio connecting father, daughter, and mother.","RAP-CP-001:RAP-QL-401:65504","rap-001:same-ql-diversity:RAP-QL-401:7:RAP-CP-001:0","fnv1a-a35e10ec","Given daughter:father = 8:1 and father:brother = 1:2, find the single ratio connecting daughter, father, and brother.","false"
"RAP-001","RAP-CP-001","RAP-QL-002","ratioNormalization","RAP-CP-001:RAP-QL-002:21758","rap-001:human-review:RAP-QL-002:0:RAP-CP-001:0","fnv1a-73d88fb7","Convert the fractional ratio 2/2 : 2/2 into a simple integer ratio.","RAP-CP-001:RAP-QL-002:53443","rap-001:same-ql-diversity:RAP-QL-002:7:RAP-CP-001:0","fnv1a-e7ea5f7b","Convert the fractional ratio 4/2 : 9/3 into a simple integer ratio.","false"
"RAP-001","RAP-CP-001","RAP-QL-102","ratioNormalization","RAP-CP-001:RAP-QL-102:49405","rap-001:human-review:RAP-QL-102:0:RAP-CP-001:0","fnv1a-73d88fb7","Simplify the ratio of fractions 2/2 : 2/2 to whole numbers.","RAP-CP-001:RAP-QL-102:48386","rap-001:same-ql-diversity:RAP-QL-102:7:RAP-CP-001:0","fnv1a-e7ea5f7b","Simplify the ratio of fractions 4/2 : 9/3 to whole numbers.","false"
"RAP-001","RAP-CP-001","RAP-QL-202","ratioNormalization","RAP-CP-001:RAP-QL-202:77052","rap-001:human-review:RAP-QL-202:0:RAP-CP-001:0","fnv1a-73d88fb7","Find the simplest integer ratio equivalent to 2/2 : 2/2.","RAP-CP-001:RAP-QL-202:76033","rap-001:same-ql-diversity:RAP-QL-202:7:RAP-CP-001:0","fnv1a-e7ea5f7b","Find the simplest integer ratio equivalent to 4/2 : 9/3.","false"
"RAP-001","RAP-CP-001","RAP-QL-302","ratioNormalization","RAP-CP-001:RAP-QL-302:4699","rap-001:human-review:RAP-QL-302:0:RAP-CP-001:0","fnv1a-73d88fb7","Express the ratio 2/2 : 2/2 in its simplest integer form.","RAP-CP-001:RAP-QL-302:3680","rap-001:same-ql-diversity:RAP-QL-302:7:RAP-CP-001:0","fnv1a-e7ea5f7b","Express the ratio 4/2 : 9/3 in its simplest integer form.","false"
"RAP-001","RAP-CP-001","RAP-QL-402","ratioNormalization","RAP-CP-001:RAP-QL-402:99642","rap-001:human-review:RAP-QL-402:0:RAP-CP-001:0","fnv1a-73d88fb7","What is the simple ratio of whole numbers for 2/2 : 2/2?","RAP-CP-001:RAP-QL-402:31327","rap-001:same-ql-diversity:RAP-QL-402:7:RAP-CP-001:0","fnv1a-e7ea5f7b","What is the simple ratio of whole numbers for 4/2 : 9/3?","false"
"RAP-001","RAP-CP-001","RAP-QL-502","ratioNormalization","RAP-CP-001:RAP-QL-502:27289","rap-001:human-review:RAP-QL-502:0:RAP-CP-001:0","fnv1a-73d88fb7","Reduce the fractional ratio 2/2 : 2/2 to its lowest whole number terms.","RAP-CP-001:RAP-QL-502:26270","rap-001:same-ql-diversity:RAP-QL-502:7:RAP-CP-001:0","fnv1a-e7ea5f7b","Reduce the fractional ratio 4/2 : 9/3 to its lowest whole number terms.","false"
"RAP-001","RAP-CP-001","RAP-QL-602","ratioNormalization","RAP-CP-001:RAP-QL-602:54936","rap-001:human-review:RAP-QL-602:0:RAP-CP-001:0","fnv1a-73d88fb7","Normalize the ratio 2/2 : 2/2.","RAP-CP-001:RAP-QL-602:53917","rap-001:same-ql-diversity:RAP-QL-602:7:RAP-CP-001:0","fnv1a-e7ea5f7b","Normalize the ratio 4/2 : 9/3.","false"
"RAP-001","RAP-CP-001","RAP-QL-702","ratioNormalization","RAP-CP-001:RAP-QL-702:82583","rap-001:human-review:RAP-QL-702:0:RAP-CP-001:0","fnv1a-73d88fb7","Rewrite 2/2 : 2/2 as a ratio of integers.","RAP-CP-001:RAP-QL-702:81564","rap-001:same-ql-diversity:RAP-QL-702:7:RAP-CP-001:0","fnv1a-e7ea5f7b","Rewrite 4/2 : 9/3 as a ratio of integers.","false"
"RAP-001","RAP-CP-001","RAP-QL-802","ratioNormalization","RAP-CP-001:RAP-QL-802:10230","rap-001:human-review:RAP-QL-802:0:RAP-CP-001:0","fnv1a-73d88fb7","Find the integer ratio equivalent to 2/2 : 2/2.","RAP-CP-001:RAP-QL-802:9211","rap-001:same-ql-diversity:RAP-QL-802:7:RAP-CP-001:0","fnv1a-e7ea5f7b","Find the integer ratio equivalent to 4/2 : 9/3.","false"
"RAP-001","RAP-CP-001","RAP-QL-902","ratioNormalization","RAP-CP-001:RAP-QL-902:5173","rap-001:human-review:RAP-QL-902:0:RAP-CP-001:0","fnv1a-73d88fb7","Convert 2/2 : 2/2 into an irreducible whole number ratio.","RAP-CP-001:RAP-QL-902:36858","rap-001:same-ql-diversity:RAP-QL-902:7:RAP-CP-001:0","fnv1a-e7ea5f7b","Convert 4/2 : 9/3 into an irreducible whole number ratio.","false"
"RAP-001","RAP-CP-001","RAP-QL-1002","ratioNormalization","RAP-CP-001:RAP-QL-1002:6717","rap-001:human-review:RAP-QL-1002:0:RAP-CP-001:0","fnv1a-73d88fb7","Determine the simplest whole-number ratio for 2/2 : 2/2.","RAP-CP-001:RAP-QL-1002:32906","rap-001:same-ql-diversity:RAP-QL-1002:7:RAP-CP-001:0","fnv1a-e7ea5f7b","Determine the simplest whole-number ratio for 4/2 : 9/3.","false"
"RAP-001","RAP-CP-001","RAP-QL-1102","ratioNormalization","RAP-CP-001:RAP-QL-1102:34364","rap-001:human-review:RAP-QL-1102:0:RAP-CP-001:0","fnv1a-73d88fb7","State the fractional ratio 2/2 : 2/2 in integers.","RAP-CP-001:RAP-QL-1102:60553","rap-001:same-ql-diversity:RAP-QL-1102:7:RAP-CP-001:0","fnv1a-e7ea5f7b","State the fractional ratio 4/2 : 9/3 in integers.","false"
"RAP-001","RAP-CP-001","RAP-QL-1202","ratioNormalization","RAP-CP-001:RAP-QL-1202:62011","rap-001:human-review:RAP-QL-1202:0:RAP-CP-001:0","fnv1a-73d88fb7","Calculate the simple integer ratio corresponding to 2/2 : 2/2.","RAP-CP-001:RAP-QL-1202:88200","rap-001:same-ql-diversity:RAP-QL-1202:7:RAP-CP-001:0","fnv1a-e7ea5f7b","Calculate the simple integer ratio corresponding to 4/2 : 9/3.","false"
"RAP-001","RAP-CP-001","RAP-QL-1302","ratioNormalization","RAP-CP-001:RAP-QL-1302:89658","rap-001:human-review:RAP-QL-1302:0:RAP-CP-001:0","fnv1a-73d88fb7","Translate 2/2 : 2/2 into a ratio of whole numbers.","RAP-CP-001:RAP-QL-1302:15847","rap-001:same-ql-diversity:RAP-QL-1302:7:RAP-CP-001:0","fnv1a-e7ea5f7b","Translate 4/2 : 9/3 into a ratio of whole numbers.","false"
"RAP-001","RAP-CP-001","RAP-QL-1402","ratioNormalization","RAP-CP-001:RAP-QL-1402:84601","rap-001:human-review:RAP-QL-1402:0:RAP-CP-001:0","fnv1a-73d88fb7","Give the simplest integer format for the ratio 2/2 : 2/2.","RAP-CP-001:RAP-QL-1402:10790","rap-001:same-ql-diversity:RAP-QL-1402:7:RAP-CP-001:0","fnv1a-e7ea5f7b","Give the simplest integer format for the ratio 4/2 : 9/3.","false"
"RAP-001","RAP-CP-001","RAP-QL-1502","ratioNormalization","RAP-CP-001:RAP-QL-1502:12248","rap-001:human-review:RAP-QL-1502:0:RAP-CP-001:0","fnv1a-73d88fb7","Find the cross-multiplied and simplified integer ratio of 2/2 to 2/2.","RAP-CP-001:RAP-QL-1502:38437","rap-001:same-ql-diversity:RAP-QL-1502:7:RAP-CP-001:0","fnv1a-e7ea5f7b","Find the cross-multiplied and simplified integer ratio of 4/2 to 9/3.","false"
"RAP-001","RAP-CP-001","RAP-QL-1602","ratioNormalization","RAP-CP-001:RAP-QL-1602:39895","rap-001:human-review:RAP-QL-1602:0:RAP-CP-001:0","fnv1a-73d88fb7","Provide the whole number ratio for 2/2 : 2/2.","RAP-CP-001:RAP-QL-1602:66084","rap-001:same-ql-diversity:RAP-QL-1602:7:RAP-CP-001:0","fnv1a-e7ea5f7b","Provide the whole number ratio for 4/2 : 9/3.","false"
"RAP-001","RAP-CP-001","RAP-QL-1702","ratioNormalization","RAP-CP-001:RAP-QL-1702:67542","rap-001:human-review:RAP-QL-1702:0:RAP-CP-001:0","fnv1a-73d88fb7","Express 2/2 to 2/2 as a ratio of integers in simplest form.","RAP-CP-001:RAP-QL-1702:93731","rap-001:same-ql-diversity:RAP-QL-1702:7:RAP-CP-001:0","fnv1a-e7ea5f7b","Express 4/2 to 9/3 as a ratio of integers in simplest form.","false"
"RAP-001","RAP-CP-001","RAP-QL-1802","ratioNormalization","RAP-CP-001:RAP-QL-1802:62485","rap-001:human-review:RAP-QL-1802:0:RAP-CP-001:0","fnv1a-73d88fb7","Reduce 2/2 : 2/2 to the simplest integer ratio.","RAP-CP-001:RAP-QL-1802:21378","rap-001:same-ql-diversity:RAP-QL-1802:7:RAP-CP-001:0","fnv1a-e7ea5f7b","Reduce 4/2 : 9/3 to the simplest integer ratio.","false"
"RAP-001","RAP-CP-001","RAP-QL-1902","ratioNormalization","RAP-CP-001:RAP-QL-1902:90132","rap-001:human-review:RAP-QL-1902:0:RAP-CP-001:0","fnv1a-73d88fb7","Change the ratio 2/2 : 2/2 to whole numbers.","RAP-CP-001:RAP-QL-1902:16321","rap-001:same-ql-diversity:RAP-QL-1902:7:RAP-CP-001:0","fnv1a-e7ea5f7b","Change the ratio 4/2 : 9/3 to whole numbers.","false"
"RAP-001","RAP-CP-001","RAP-QL-003","ratioTreeLinkage","RAP-CP-001:RAP-QL-003:87581","rap-001:human-review:RAP-QL-003:0:RAP-CP-001:0","fnv1a-051113f8","Sister:mother = 2:3, mother:brother = 3:4, and brother:son = 4:5. Find sister:son.","RAP-CP-001:RAP-QL-003:86562","rap-001:same-ql-diversity:RAP-QL-003:7:RAP-CP-001:0","fnv1a-52da4f2e","Mother:sister = 5:6, sister:son = 6:7, and son:brother = 7:8. Find mother:brother.","false"
"RAP-001","RAP-CP-001","RAP-QL-103","ratioTreeLinkage","RAP-CP-001:RAP-QL-103:15228","rap-001:human-review:RAP-QL-103:0:RAP-CP-001:0","fnv1a-89e0ea3a","The ages of mother, brother, father, and sister satisfy mother:brother = 3:4, brother:father = 4:5, and father:sister = 5:6. Find the age ratio mother:sister.","RAP-CP-001:RAP-QL-103:14209","rap-001:same-ql-diversity:RAP-QL-103:7:RAP-CP-001:0","fnv1a-01687786","The ages of daughter, father, brother, and mother satisfy daughter:father = 6:7, father:brother = 7:8, and brother:mother = 8:1. Find the age ratio daughter:mother.","false"
"RAP-001","RAP-CP-001","RAP-QL-203","ratioTreeLinkage","RAP-CP-001:RAP-QL-203:42875","rap-001:human-review:RAP-QL-203:0:RAP-CP-001:0","fnv1a-32abd4af","Starting from daughter:sister = 4:5, then sister:son = 5:6, and then son:father = 6:7, determine daughter:father.","RAP-CP-001:RAP-QL-203:41856","rap-001:same-ql-diversity:RAP-QL-203:7:RAP-CP-001:0","fnv1a-af6acdab","Starting from sister:son = 7:8, then son:father = 8:1, and then father:daughter = 1:2, determine sister:daughter.","false"
"RAP-001","RAP-CP-001","RAP-QL-303","ratioTreeLinkage","RAP-CP-001:RAP-QL-303:70522","rap-001:human-review:RAP-QL-303:0:RAP-CP-001:0","fnv1a-e9db809a","Connect these three ratios and find the end ratio: sister:son = 5:6, son:brother = 6:7, brother:mother = 7:8.","RAP-CP-001:RAP-QL-303:69503","rap-001:same-ql-diversity:RAP-QL-303:7:RAP-CP-001:0","fnv1a-87fab8c4","Connect these three ratios and find the end ratio: mother:brother = 8:1, brother:son = 1:2, son:sister = 2:3.","false"
"RAP-001","RAP-CP-001","RAP-QL-403","ratioTreeLinkage","RAP-CP-001:RAP-QL-403:65465","rap-001:human-review:RAP-QL-403:0:RAP-CP-001:0","fnv1a-0a6c57d4","The ratios linking mother to brother are mother:sister = 6:7, sister:father = 7:8, and father:brother = 8:1. Find mother:brother.","RAP-CP-001:RAP-QL-403:97150","rap-001:same-ql-diversity:RAP-QL-403:7:RAP-CP-001:0","fnv1a-e8fb8b0c","The ratios linking brother to mother are brother:father = 1:2, father:daughter = 2:3, and daughter:mother = 3:4. Find brother:mother.","false"
"RAP-001","RAP-CP-001","RAP-QL-004","scalingByComponent","RAP-CP-001:RAP-QL-004:53404","rap-001:human-review:RAP-QL-004:0:RAP-CP-001:0","fnv1a-c96bf53e","Class has boys and girls in the ratio 8:1. If boys are 112, how many girls are there?","RAP-CP-001:RAP-QL-004:52385","rap-001:same-ql-diversity:RAP-QL-004:7:RAP-CP-001:0","fnv1a-74cf9f01","Class has boys and girls in the ratio 5:6. If boys are 70, how many girls are there?","false"
"RAP-001","RAP-CP-001","RAP-QL-104","scalingByComponent","RAP-CP-001:RAP-QL-104:81051","rap-001:human-review:RAP-QL-104:0:RAP-CP-001:0","fnv1a-c4ffba69","The ratio of boys to girls in class is 7:8. When the count of boys is 63, find the count of girls.","RAP-CP-001:RAP-QL-104:80032","rap-001:same-ql-diversity:RAP-QL-104:7:RAP-CP-001:0","fnv1a-9b0a5d62","The ratio of boys to girls in class is 4:5. When the count of boys is 60, find the count of girls.","false"
"RAP-001","RAP-CP-001","RAP-QL-204","scalingByComponent","RAP-CP-001:RAP-QL-204:8698","rap-001:human-review:RAP-QL-204:0:RAP-CP-001:0","fnv1a-88aaf1a6","Boys:girls = 6:7 for class. Given 60 boys, calculate the number of girls.","RAP-CP-001:RAP-QL-204:7679","rap-001:same-ql-diversity:RAP-QL-204:7:RAP-CP-001:0","fnv1a-68a74d71","Boys:girls = 3:4 for class. Given 30 boys, calculate the number of girls.","false"
"RAP-001","RAP-CP-001","RAP-QL-304","scalingByComponent","RAP-CP-001:RAP-QL-304:3641","rap-001:human-review:RAP-QL-304:0:RAP-CP-001:0","fnv1a-9be86e72","Class reports boys:girls as 5:6. If the boys count is 55, what should the girls count be?","RAP-CP-001:RAP-QL-304:35326","rap-001:same-ql-diversity:RAP-QL-304:7:RAP-CP-001:0","fnv1a-02b8e9dc","Class reports boys:girls as 2:3. If the boys count is 22, what should the girls count be?","false"
"RAP-001","RAP-CP-001","RAP-QL-404","scalingByComponent","RAP-CP-001:RAP-QL-404:31288","rap-001:human-review:RAP-QL-404:0:RAP-CP-001:0","fnv1a-4f89417a","For class, boys and girls follow the ratio 4:5. With 24 boys, find the matching number of girls.","RAP-CP-001:RAP-QL-404:30269","rap-001:same-ql-diversity:RAP-QL-404:7:RAP-CP-001:0","fnv1a-e41b56d9","For class, boys and girls follow the ratio 1:2. With 12 boys, find the matching number of girls.","false"
"RAP-001","RAP-CP-001","RAP-QL-006","decimalNormalization","RAP-CP-001:RAP-QL-006:85050","rap-001:human-review:RAP-QL-006:0:RAP-CP-001:0","fnv1a-c7d71344","What is the simplest whole-number ratio equal to 0.8 : 1.7?","RAP-CP-001:RAP-QL-006:84031","rap-001:same-ql-diversity:RAP-QL-006:7:RAP-CP-001:0","fnv1a-e38270f5","What is the simplest whole-number ratio equal to 2.9 : 0.2?","false"
"RAP-001","RAP-CP-001","RAP-QL-206","decimalNormalization","RAP-CP-001:RAP-QL-206:7640","rap-001:human-review:RAP-QL-206:0:RAP-CP-001:0","fnv1a-98d92ed6","Calculate the simplest whole-number ratio equal to 3 : 2.1?","RAP-CP-001:RAP-QL-206:39325","rap-001:same-ql-diversity:RAP-QL-206:7:RAP-CP-001:0","fnv1a-0072d6fb","Calculate the simplest whole-number ratio equal to 0.5 : 0.6?","false"
"RAP-001","RAP-CP-002","RAP-QL-107","basicPartition","RAP-CP-002:RAP-QL-107:79481","rap-001:human-review:RAP-QL-107:0:RAP-CP-002:0","fnv1a-d584a6fd","A total of 2090 is distributed among boys, teachers, and girls in the ratio 8:1:2. Find boys' share.","RAP-CP-002:RAP-QL-107:78462","rap-001:same-ql-diversity:RAP-QL-107:7:RAP-CP-002:0","fnv1a-b3bd2b00","A total of 3420 is distributed among girls, boys, and teachers in the ratio 5:6:7. Find girls' share.","false"
"RAP-001","RAP-CP-002","RAP-QL-008","shareDifference","RAP-CP-002:RAP-QL-008:17657","rap-001:human-review:RAP-QL-008:0:RAP-CP-002:0","fnv1a-1e78aa22","An amount of Rs. 760 is distributed among boys, girls, and teachers in the ratio 7:6:6. Find the difference between boys' share and teachers' share.","RAP-CP-002:RAP-QL-008:16638","rap-001:same-ql-diversity:RAP-QL-008:7:RAP-CP-002:0","fnv1a-81b1ee05","An amount of Rs. 560 is distributed among girls, boys, and teachers in the ratio 6:5:3. Find the difference between girls' share and teachers' share.","false"
"RAP-001","RAP-CP-002","RAP-QL-009","reversePartition","RAP-CP-002:RAP-QL-009:83480","rap-001:human-review:RAP-QL-009:0:RAP-CP-002:0","fnv1a-99791fd7","A family fund is divided among sister, son, and father in the ratio 8:7:2. The share of sister exceeds the share of father by Rs. 540. Find the total fund.","RAP-CP-002:RAP-QL-009:82461","rap-001:same-ql-diversity:RAP-QL-009:7:RAP-CP-002:0","fnv1a-c10e4837","A family fund is divided among son, father, and daughter in the ratio 5:4:2. The share of son exceeds the share of daughter by Rs. 270. Find the total fund.","false"
"RAP-001","RAP-CP-002","RAP-QL-011","salaryDistribution","RAP-CP-002:RAP-QL-011:99297","rap-001:human-review:RAP-QL-011:0:RAP-CP-002:0","fnv1a-0b195664","Father's monthly expense-to-savings ratio is 7:2. If the monthly salary is Rs. 9000, find the monthly savings.","RAP-CP-002:RAP-QL-011:98278","rap-001:same-ql-diversity:RAP-QL-011:7:RAP-CP-002:0","fnv1a-67e1c04f","Father's monthly expense-to-savings ratio is 3:1. If the monthly salary is Rs. 5600, find the monthly savings.","false"
"RAP-001","RAP-CP-003","RAP-QL-012","twoStateAddition","RAP-CP-003:RAP-QL-012:66081","rap-001:human-review:RAP-QL-012:0:RAP-CP-003:0","fnv1a-cb5620ad","Class has boys and girls in the ratio 2:4. After 12 more boys join, the ratio becomes 5:6. How many boys were there at the beginning?","RAP-CP-003:RAP-QL-012:65062","rap-001:same-ql-diversity:RAP-QL-012:7:RAP-CP-003:0","fnv1a-fe2be873","Class has boys and girls in the ratio 5:7. After 10 more boys join, the ratio becomes 55:63. How many boys were there at the beginning?","false"
"RAP-001","RAP-CP-003","RAP-QL-013","twoStateSubtraction","RAP-CP-003:RAP-QL-013:31904","rap-001:human-review:RAP-QL-013:0:RAP-CP-003:0","fnv1a-f777bfc7","The ratio of boys to girls in a class is 4:3. After 7 boys leave, the ratio changes to 5:9. What was the total number of people at the start?","RAP-CP-003:RAP-QL-013:30885","rap-001:same-ql-diversity:RAP-QL-013:7:RAP-CP-003:0","fnv1a-f089ccab","The ratio of boys to girls in a class is 7:6. After 8 boys leave, the ratio changes to 5:6. What was the total number of people at the start?","false"
"RAP-001","RAP-CP-003","RAP-QL-113","twoStateSubtraction","RAP-CP-003:RAP-QL-113:26847","rap-001:human-review:RAP-QL-113:0:RAP-CP-003:0","fnv1a-15b8874a","The ratio of boys to girls in class is 7:6. After 20 boys leave, the ratio changes to 1:3. What was the total number of people at the start?","RAP-CP-003:RAP-QL-113:58532","rap-001:same-ql-diversity:RAP-QL-113:7:RAP-CP-003:0","fnv1a-8ebee8a6","The ratio of boys to girls in class is 6:5. After 19 boys leave, the ratio changes to 7:9. What was the total number of people at the start?","false"
"RAP-001","RAP-CP-003","RAP-QL-014","twoStateTransfer","RAP-CP-003:RAP-QL-014:65023","rap-001:human-review:RAP-QL-014:0:RAP-CP-003:0","fnv1a-d6b6d41a","Two numbers are in the ratio 5:9. If 9 is added to each, the ratio becomes 17:27. What is the value of the larger number?","RAP-CP-003:RAP-QL-014:96708","rap-001:same-ql-diversity:RAP-QL-014:7:RAP-CP-003:0","fnv1a-917f765d","Two numbers are in the ratio 7:10. If 20 is added to each, the ratio becomes 11:14. What is the value of the larger number?","false"
"RAP-001","RAP-CP-003","RAP-QL-214","twoStateTransfer","RAP-CP-003:RAP-QL-214:20317","rap-001:human-review:RAP-QL-214:0:RAP-CP-003:0","fnv1a-00c34650","Two numbers are in the ratio 4:7. If 5 is added to each, the ratio becomes 29:47. Find the larger number.","RAP-CP-003:RAP-QL-214:19298","rap-001:same-ql-diversity:RAP-QL-214:7:RAP-CP-003:0","fnv1a-90319df0","Two numbers are in the ratio 6:10. If 16 is added to each, the ratio becomes 7:9. Find the larger number.","false"
"RAP-001","RAP-CP-003","RAP-QL-015","incomeExpenditureSystem","RAP-CP-003:RAP-QL-015:30846","rap-001:human-review:RAP-QL-015:0:RAP-CP-003:0","fnv1a-4fa75b0b","The incomes of father and mother are in the ratio 6:2, and their expenses are 4:5. If both save Rs. 11000 each, what is father's income?","RAP-CP-003:RAP-QL-015:62531","rap-001:same-ql-diversity:RAP-QL-015:7:RAP-CP-003:0","fnv1a-f1394828","The incomes of brother and mother are in the ratio 3:2, and their expenses are 1:3. If both save Rs. 1400 each, what is brother's income?","false"
"RAP-001","RAP-CP-003","RAP-QL-016","multiStageTransformation","RAP-CP-003:RAP-QL-016:96669","rap-001:human-review:RAP-QL-016:0:RAP-CP-003:0","fnv1a-602aed3e","A school has boys and girls in the ratio 7:2. After 8 boys join and 4 girls leave, the ratio becomes 39:8. How many girls were there originally?","RAP-CP-003:RAP-QL-016:95650","rap-001:same-ql-diversity:RAP-QL-016:7:RAP-CP-003:0","fnv1a-ce1f5f76","A school has boys and girls in the ratio 4:5. After 13 boys join and 13 girls leave, the ratio becomes 37:17. How many girls were there originally?","false"
"RAP-001","RAP-CP-004","RAP-QL-017","meanProportional","RAP-CP-004:RAP-QL-017:63453","rap-001:human-review:RAP-QL-017:0:RAP-CP-004:0","fnv1a-27b87f72","What is the mean proportional between 25 and 16?","RAP-CP-004:RAP-QL-017:62434","rap-001:same-ql-diversity:RAP-QL-017:7:RAP-CP-004:0","fnv1a-b4700d02","What is the mean proportional between 16 and 25?","false"
"RAP-001","RAP-CP-004","RAP-QL-217","meanProportional","RAP-CP-004:RAP-QL-217:18747","rap-001:human-review:RAP-QL-217:0:RAP-CP-004:0","fnv1a-ff4b6fbe","Calculate the mean proportional between 121 and 4?","RAP-CP-004:RAP-QL-217:17728","rap-001:same-ql-diversity:RAP-QL-217:7:RAP-CP-004:0","fnv1a-70b937c2","Calculate the mean proportional between 100 and 9?","false"
"RAP-001","RAP-CP-004","RAP-QL-018","thirdProportional","RAP-CP-004:RAP-QL-018:29276","rap-001:human-review:RAP-QL-018:0:RAP-CP-004:0","fnv1a-a35343ca","What will be the third proportional to 1 and 1?","RAP-CP-004:RAP-QL-018:28257","rap-001:same-ql-diversity:RAP-QL-018:7:RAP-CP-004:0","fnv1a-821c0d5c","What will be the third proportional to 4 and 4?","false"
"RAP-001","RAP-CP-004","RAP-QL-019","fourthProportional","RAP-CP-004:RAP-QL-019:95099","rap-001:human-review:RAP-QL-019:0:RAP-CP-004:0","fnv1a-f3820408","Find the number which is fourth proportional to 4, 5, and 8.","RAP-CP-004:RAP-QL-019:94080","rap-001:same-ql-diversity:RAP-QL-019:7:RAP-CP-004:0","fnv1a-3ae3b062","Find the number which is fourth proportional to 5, 6, and 35.","false"
"RAP-001","RAP-CP-004","RAP-QL-219","fourthProportional","RAP-CP-004:RAP-QL-219:17689","rap-001:human-review:RAP-QL-219:0:RAP-CP-004:0","fnv1a-89b87905","Determine the number which is fourth proportional to 6, 1, and 12.","RAP-CP-004:RAP-QL-219:49374","rap-001:same-ql-diversity:RAP-QL-219:7:RAP-CP-004:0","fnv1a-4c8c80af","Determine the number which is fourth proportional to 1, 2, and 7.","false"
"RAP-001","RAP-CP-004","RAP-QL-020","directVariation","RAP-CP-004:RAP-QL-020:45093","rap-001:human-review:RAP-QL-020:0:RAP-CP-004:0","fnv1a-f5da4987","If y varies directly as x, and y is 160 when x is 16, what will be the value of y when x is 17?","RAP-CP-004:RAP-QL-020:44074","rap-001:same-ql-diversity:RAP-QL-020:7:RAP-CP-004:0","fnv1a-ee01d722","If y varies directly as x, and y is 8 when x is 1, what will be the value of y when x is 2?","false"
"RAP-001","RAP-CP-004","RAP-QL-021","inverseVariation","RAP-CP-004:RAP-QL-021:10916","rap-001:human-review:RAP-QL-021:0:RAP-CP-004:0","fnv1a-ce450366","If y is inversely proportional to x, and y is 28 when x is 7, find the value of y when x becomes 4.","RAP-CP-004:RAP-QL-021:9897","rap-001:same-ql-diversity:RAP-QL-021:7:RAP-CP-004:0","fnv1a-d3743bbb","If y is inversely proportional to x, and y is 16 when x is 8, find the value of y when x becomes 1.","false"
"RAP-001","RAP-CP-005","RAP-QL-022","coinCounting","RAP-CP-005:RAP-QL-022:77700","rap-001:human-review:RAP-QL-022:0:RAP-CP-005:0","fnv1a-174b9e53","A bag has coins of 1, 2, and 5 in the ratio 4:5:6. If the total value is Rs. 132, how many coins of 2 are in the bag?","RAP-CP-005:RAP-QL-022:76681","rap-001:same-ql-diversity:RAP-QL-022:7:RAP-CP-005:0","fnv1a-a5adcb12","A bag has coins of 1, 2, and 5 in the ratio 5:6:1. If the total value is Rs. 44, how many coins of 2 are in the bag?","false"
"RAP-001","RAP-CP-005","RAP-QL-023","multiDenominationMapping","RAP-CP-005:RAP-QL-023:43523","rap-001:human-review:RAP-QL-023:0:RAP-CP-005:0","fnv1a-3445f032","A box contains 14 coins of 1, 2, 5, and 10. If their values are in the ratio 1:3:10:25, what is the number of 10 coins?","RAP-CP-005:RAP-QL-023:42504","rap-001:same-ql-diversity:RAP-QL-023:7:RAP-CP-005:0","fnv1a-0e603221","A box contains 26 coins of 1, 2, 5, and 10. If their values are in the ratio 5:12:35:80, what is the number of 1 coins?","false"
"RAP-001","RAP-CP-005","RAP-QL-024","weightedMapping","RAP-CP-005:RAP-QL-024:9346","rap-001:human-review:RAP-QL-024:0:RAP-CP-005:0","fnv1a-94f201ca","The weights of Rs. 1 coin, Rs. 2 coin, and Rs. 5 coin are in the ratio 2:3:4. If 5 Rs. 1 coin, 1 Rs. 2 coin, and 2 Rs. 5 coin together weigh 21 g, find the weight of one Rs. 1 coin.","RAP-CP-005:RAP-QL-024:8327","rap-001:same-ql-diversity:RAP-QL-024:7:RAP-CP-005:0","fnv1a-da9a9a9b","The weights of Rs. 1 coin, Rs. 2 coin, and Rs. 5 coin are in the ratio 7:8:1. If 3 Rs. 1 coin, 4 Rs. 2 coin, and 5 Rs. 5 coin together weigh 58 g, find the weight of one Rs. 1 coin.","false"
"RAP-001","RAP-CP-005","RAP-QL-026","weightedMarks","RAP-CP-005:RAP-QL-026:40992","rap-001:human-review:RAP-QL-026:0:RAP-CP-005:0","fnv1a-2cdde169","Marks in English, Mathematics, and Science are in the ratio 3:4:5. Their weights are 1, 2, and 3, and the total weighted score is 156. How many marks were obtained in English?","RAP-CP-005:RAP-QL-026:39973","rap-001:same-ql-diversity:RAP-QL-026:7:RAP-CP-005:0","fnv1a-a878a056","Marks in Science, History, and English are in the ratio 8:1:2. Their weights are 4, 1, and 2, and the total weighted score is 111. How many marks were obtained in Science?","false"
"RAP-001","RAP-CP-006","RAP-QL-027","binaryMixture","RAP-CP-006:RAP-QL-027:75072","rap-001:human-review:RAP-QL-027:0:RAP-CP-006:0","fnv1a-ca40edd7","A mixture contains juice and milk in the ratio 2:3. If 7 litres of juice are added, the ratio becomes 25:27. What was the initial quantity of milk?","RAP-CP-006:RAP-QL-027:6757","rap-001:same-ql-diversity:RAP-QL-027:7:RAP-CP-006:0","fnv1a-93ce3151","A mixture contains milk and water in the ratio 5:6. If 4 litres of milk are added, the ratio becomes 49:54. What was the initial quantity of water?","false"
"RAP-001","RAP-CP-006","RAP-QL-028","mixtureComponentFinding","RAP-CP-006:RAP-QL-028:40895","rap-001:human-review:RAP-QL-028:0:RAP-CP-006:0","fnv1a-c652af57","A 49-litre mixture has milk and water in the ratio 3:4. How many litres of water should be added to make the ratio 1:2?","RAP-CP-006:RAP-QL-028:72580","rap-001:same-ql-diversity:RAP-QL-028:7:RAP-CP-006:0","fnv1a-31c172fb","A 91-litre mixture has milk and water in the ratio 6:7. How many litres of water should be added to make the ratio 21:32?","false"
"RAP-001","RAP-CP-006","RAP-QL-029","threeComponentMixture","RAP-CP-006:RAP-QL-029:6718","rap-001:human-review:RAP-QL-029:0:RAP-CP-006:0","fnv1a-4a7a18e6","A solution has water, milk, and juice in the ratio 2:3:4. After adding 17 litres of milk, the new ratio becomes 12:35:24. Find the starting volume.","RAP-CP-006:RAP-QL-029:5699","rap-001:same-ql-diversity:RAP-QL-029:7:RAP-CP-006:0","fnv1a-11504805","A solution has milk, juice, and water in the ratio 5:6:7. After adding 14 litres of juice, the new ratio becomes 20:31:28. Find the starting volume.","false"
"RAP-001","RAP-CP-006","RAP-QL-229","threeComponentMixture","RAP-CP-006:RAP-QL-229:62012","rap-001:human-review:RAP-QL-229:0:RAP-CP-006:0","fnv1a-620626a4","A solution has water, milk, and juice in the ratio 4:5:6. After adding 11 litres of milk, the new ratio becomes 6:13:9. Determine the starting volume.","RAP-CP-006:RAP-QL-229:60993","rap-001:same-ql-diversity:RAP-QL-229:7:RAP-CP-006:0","fnv1a-49452033","A solution has water, milk, and juice in the ratio 7:8:1. After adding 8 litres of milk, the new ratio becomes 7:9:1. Determine the starting volume.","false"
"RAP-001","RAP-CP-006","RAP-QL-030","variableReplacementRatio","RAP-CP-006:RAP-QL-030:89416","rap-001:human-review:RAP-QL-030:0:RAP-CP-006:0","fnv1a-8d8f395a","From 170 litres of milk, 55 litres are replaced with water, and then 5 litres are again replaced with water. What is the final ratio of milk to water?","RAP-CP-006:RAP-QL-030:88397","rap-001:same-ql-diversity:RAP-QL-030:7:RAP-CP-006:0","fnv1a-09aa0039","From 60 litres of water, 15 litres are replaced with milk, and then 20 litres are again replaced with milk. What is the final ratio of water to milk?","false"
"RAP-001","RAP-CP-006","RAP-QL-230","variableReplacementRatio","RAP-CP-006:RAP-QL-230:12006","rap-001:human-review:RAP-QL-230:0:RAP-CP-006:0","fnv1a-941bafb8","From 150 litres of water, 50 litres are replaced with juice, and then 5 litres are again replaced with juice. Find the final ratio of water to juice.","RAP-CP-006:RAP-QL-230:10987","rap-001:same-ql-diversity:RAP-QL-230:7:RAP-CP-006:0","fnv1a-ddeb44f4","From 200 litres of water, 20 litres are replaced with milk, and then 25 litres are again replaced with milk. Find the final ratio of water to milk.","false"
"RAP-001","RAP-CP-006","RAP-QL-032","acidConcentration","RAP-CP-006:RAP-QL-032:88358","rap-001:human-review:RAP-QL-032:0:RAP-CP-006:0","fnv1a-cdb897b0","A solution contains 20 litres of acid and 90 litres of water. What is the percentage of acid in the solution?","RAP-CP-006:RAP-QL-032:20043","rap-001:same-ql-diversity:RAP-QL-032:7:RAP-CP-006:0","fnv1a-3097d5be","A solution contains 25 litres of acid and 55 litres of water. What is the percentage of acid in the solution?","false"
"RAP-001","RAP-CP-006","RAP-QL-232","acidConcentration","RAP-CP-006:RAP-QL-232:43652","rap-001:human-review:RAP-QL-232:0:RAP-CP-006:0","fnv1a-323e9287","A solution contains 40 litres of acid and 60 litres of water. Find the percentage of acid in the solution.","RAP-CP-006:RAP-QL-232:42633","rap-001:same-ql-diversity:RAP-QL-232:7:RAP-CP-006:0","fnv1a-527f86b9","A solution contains 45 litres of acid and 25 litres of water. Find the percentage of acid in the solution.","false"
