Chapter,Question ID,CP,QL ID,Natural Language,Exam Realism,Mathematical Clarity,Context Quality,Diversity,MCQ Readiness,Explanation Alignment,Overall Rating,Editorial Comments
PCT-001,PCT-CP-001:PCT-QL-009:26462,PCT-CP-001,PCT-QL-009,3,2,5,2,2,3,3,REWRITE,"The stem is clear, but the context is generic rather than exam-familiar. Feels too close to neighbouring templates in the same chapter. The stem is usable, but distractor design would be fairly predictable. The explanation works mathematically, but it does not fully echo the stem/context."
PCT-001,PCT-CP-004:PCT-QL-032:26612,PCT-CP-004,PCT-QL-032,4,5,5,5,3,4,2,NEEDS IMPROVEMENT,"The explanation works mathematically, but it does not fully echo the stem/context."
PCT-001,PCT-CP-002:PCT-QL-011:26430,PCT-CP-002,PCT-QL-011,3,2,5,2,2,3,2,REWRITE,"The stem is clear, but the context is generic rather than exam-familiar. Feels too close to neighbouring templates in the same chapter. The stem is usable, but distractor design would be fairly predictable. The explanation works mathematically, but it does not fully echo the stem/context."
PCT-001,PCT-CP-002:PCT-QL-013:27486,PCT-CP-002,PCT-QL-013,3,2,5,2,2,3,2,REWRITE,"The stem is clear, but the context is generic rather than exam-familiar. Feels too close to neighbouring templates in the same chapter. The stem is usable, but distractor design would be fairly predictable. The explanation works mathematically, but it does not fully echo the stem/context."
PCT-001,PCT-CP-005:PCT-QL-040:27570,PCT-CP-005,PCT-QL-040,5,5,5,5,3,4,3,PASS,"Reads naturally and feels close to an exam-book stem. The explanation works mathematically, but it does not fully echo the stem/context."
PCT-001,PCT-CP-005:PCT-QL-047:26586,PCT-CP-005,PCT-QL-047,5,5,5,5,3,4,3,PASS,"Reads naturally and feels close to an exam-book stem. The explanation works mathematically, but it does not fully echo the stem/context."
PCT-001,PCT-CP-004:PCT-QL-034:24599,PCT-CP-004,PCT-QL-034,4,5,5,5,3,4,2,NEEDS IMPROVEMENT,"The explanation works mathematically, but it does not fully echo the stem/context."
PCT-001,PCT-CP-002:PCT-QL-017:25713,PCT-CP-002,PCT-QL-017,3,2,5,2,2,3,2,REWRITE,"The stem is clear, but the context is generic rather than exam-familiar. Feels too close to neighbouring templates in the same chapter. The stem is usable, but distractor design would be fairly predictable. The explanation works mathematically, but it does not fully echo the stem/context."
PCT-001,PCT-CP-005:PCT-QL-047:24627,PCT-CP-005,PCT-QL-047,5,5,5,5,3,4,3,PASS,"Reads naturally and feels close to an exam-book stem. The explanation works mathematically, but it does not fully echo the stem/context."
PCT-001,PCT-CP-001:PCT-QL-005:27545,PCT-CP-001,PCT-QL-005,4,1,5,2,3,4,2,REWRITE,"The stem is clear, but the context is generic rather than exam-familiar. The explanation works mathematically, but it does not fully echo the stem/context."
PCT-001,PCT-CP-001:PCT-QL-007:26429,PCT-CP-001,PCT-QL-007,4,1,5,2,3,4,2,REWRITE,"The stem is clear, but the context is generic rather than exam-familiar. The explanation works mathematically, but it does not fully echo the stem/context."
PCT-001,PCT-CP-005:PCT-QL-040:24501,PCT-CP-005,PCT-QL-040,5,5,5,5,3,4,3,PASS,"Reads naturally and feels close to an exam-book stem. The explanation works mathematically, but it does not fully echo the stem/context."
PCT-001,PCT-CP-006:PCT-QL-052:25657,PCT-CP-006,PCT-QL-052,4,4,5,4,4,4,2,NEEDS IMPROVEMENT,"The explanation works mathematically, but it does not fully echo the stem/context."
PCT-001,PCT-CP-001:PCT-QL-009:25652,PCT-CP-001,PCT-QL-009,3,2,5,2,2,3,3,REWRITE,"The stem is clear, but the context is generic rather than exam-familiar. Feels too close to neighbouring templates in the same chapter. The stem is usable, but distractor design would be fairly predictable. The explanation works mathematically, but it does not fully echo the stem/context."
PCT-001,PCT-CP-006:PCT-QL-053:26641,PCT-CP-006,PCT-QL-053,4,4,5,4,3,4,3,NEEDS IMPROVEMENT,"The explanation works mathematically, but it does not fully echo the stem/context."
PCT-001,PCT-CP-005:PCT-QL-041:25617,PCT-CP-005,PCT-QL-041,5,5,5,5,4,4,2,NEEDS IMPROVEMENT,"The explanation works mathematically, but it does not fully echo the stem/context."
PCT-001,PCT-CP-006:PCT-QL-051:28861,PCT-CP-006,PCT-QL-051,4,4,5,4,4,4,3,PASS,"Reads naturally and feels close to an exam-book stem. The explanation works mathematically, but it does not fully echo the stem/context."
PCT-001,PCT-CP-002:PCT-QL-017:26550,PCT-CP-002,PCT-QL-017,3,2,5,2,2,3,2,REWRITE,"The stem is clear, but the context is generic rather than exam-familiar. Feels too close to neighbouring templates in the same chapter. The stem is usable, but distractor design would be fairly predictable. The explanation works mathematically, but it does not fully echo the stem/context."
PCT-001,PCT-CP-002:PCT-QL-014:28863,PCT-CP-002,PCT-QL-014,4,2,5,2,3,4,2,REWRITE,"The stem is clear, but the context is generic rather than exam-familiar. The explanation works mathematically, but it does not fully echo the stem/context."
PCT-001,PCT-CP-004:PCT-QL-031:26585,PCT-CP-004,PCT-QL-031,3,2,5,2,2,3,2,REWRITE,"The stem is clear, but the context is generic rather than exam-familiar. Feels too close to neighbouring templates in the same chapter. The stem is usable, but distractor design would be fairly predictable. The explanation works mathematically, but it does not fully echo the stem/context."
PCT-001,PCT-CP-005:PCT-QL-046:25710,PCT-CP-005,PCT-QL-046,4,4,5,4,4,4,2,NEEDS IMPROVEMENT,"The explanation works mathematically, but it does not fully echo the stem/context."
PCT-001,PCT-CP-004:PCT-QL-032:24719,PCT-CP-004,PCT-QL-032,4,5,5,5,3,4,2,NEEDS IMPROVEMENT,"The explanation works mathematically, but it does not fully echo the stem/context."
PCT-001,PCT-CP-002:PCT-QL-012:24783,PCT-CP-002,PCT-QL-012,3,2,5,2,2,3,2,REWRITE,"The stem is clear, but the context is generic rather than exam-familiar. Feels too close to neighbouring templates in the same chapter. The stem is usable, but distractor design would be fairly predictable. The explanation works mathematically, but it does not fully echo the stem/context."
PCT-001,PCT-CP-004:PCT-QL-030:24665,PCT-CP-004,PCT-QL-030,4,2,5,2,3,4,2,REWRITE,"The stem is clear, but the context is generic rather than exam-familiar. The explanation works mathematically, but it does not fully echo the stem/context."
PCT-001,PCT-CP-001:PCT-QL-003:27671,PCT-CP-001,PCT-QL-003,4,2,5,2,3,3,2,REWRITE,"The stem is clear, but the context is generic rather than exam-familiar. The stem is usable, but distractor design would be fairly predictable. The explanation works mathematically, but it does not fully echo the stem/context."
PCT-001,PCT-CP-005:PCT-QL-036:25743,PCT-CP-005,PCT-QL-036,4,5,5,5,4,4,3,PASS,"Reads naturally and feels close to an exam-book stem. The explanation works mathematically, but it does not fully echo the stem/context."
PCT-001,PCT-CP-003:PCT-QL-026:25555,PCT-CP-003,PCT-QL-026,4,2,4,2,3,5,2,REWRITE,"The stem is clear, but the context is generic rather than exam-familiar. The explanation works mathematically, but it does not fully echo the stem/context."
PCT-001,PCT-CP-006:PCT-QL-051:26587,PCT-CP-006,PCT-QL-051,4,4,5,4,4,4,3,PASS,"Reads naturally and feels close to an exam-book stem. The explanation works mathematically, but it does not fully echo the stem/context."
PCT-001,PCT-CP-003:PCT-QL-022:24664,PCT-CP-003,PCT-QL-022,4,2,5,2,3,5,3,REWRITE,"The stem is clear, but the context is generic rather than exam-familiar. The explanation works mathematically, but it does not fully echo the stem/context."
PCT-001,PCT-CP-003:PCT-QL-024:26611,PCT-CP-003,PCT-QL-024,5,5,5,5,4,4,2,NEEDS IMPROVEMENT,"The explanation works mathematically, but it does not fully echo the stem/context."
PCT-001,PCT-CP-005:PCT-QL-045:24594,PCT-CP-005,PCT-QL-045,4,2,5,2,3,4,2,REWRITE,"The stem is clear, but the context is generic rather than exam-familiar. The explanation works mathematically, but it does not fully echo the stem/context."
PCT-001,PCT-CP-002:PCT-QL-011:24756,PCT-CP-002,PCT-QL-011,3,2,5,2,2,3,2,REWRITE,"The stem is clear, but the context is generic rather than exam-familiar. Feels too close to neighbouring templates in the same chapter. The stem is usable, but distractor design would be fairly predictable. The explanation works mathematically, but it does not fully echo the stem/context."
PCT-001,PCT-CP-002:PCT-QL-018:25719,PCT-CP-002,PCT-QL-018,4,2,4,2,3,5,2,REWRITE,"The stem is clear, but the context is generic rather than exam-familiar. The explanation works mathematically, but it does not fully echo the stem/context."
PCT-001,PCT-CP-003:PCT-QL-025:27421,PCT-CP-003,PCT-QL-025,4,2,5,2,3,4,2,REWRITE,"The stem is clear, but the context is generic rather than exam-familiar. The explanation works mathematically, but it does not fully echo the stem/context."
PCT-001,PCT-CP-002:PCT-QL-014:25467,PCT-CP-002,PCT-QL-014,4,2,5,2,3,4,2,REWRITE,"The stem is clear, but the context is generic rather than exam-familiar. The explanation works mathematically, but it does not fully echo the stem/context."
PCT-001,PCT-CP-002:PCT-QL-019:24537,PCT-CP-002,PCT-QL-019,4,2,5,2,3,4,2,REWRITE,"The stem is clear, but the context is generic rather than exam-familiar. The explanation works mathematically, but it does not fully echo the stem/context."
PCT-001,PCT-CP-003:PCT-QL-025:25528,PCT-CP-003,PCT-QL-025,4,2,5,2,3,4,2,REWRITE,"The stem is clear, but the context is generic rather than exam-familiar. The explanation works mathematically, but it does not fully echo the stem/context."
PCT-001,PCT-CP-001:PCT-QL-006:24782,PCT-CP-001,PCT-QL-006,4,1,5,2,3,4,2,REWRITE,"The stem is clear, but the context is generic rather than exam-familiar. The explanation works mathematically, but it does not fully echo the stem/context."
PCT-001,PCT-CP-004:PCT-QL-031:28991,PCT-CP-004,PCT-QL-031,3,2,5,2,2,3,2,REWRITE,"The stem is clear, but the context is generic rather than exam-familiar. Feels too close to neighbouring templates in the same chapter. The stem is usable, but distractor design would be fairly predictable. The explanation works mathematically, but it does not fully echo the stem/context."
PCT-001,PCT-CP-004:PCT-QL-028:24785,PCT-CP-004,PCT-QL-028,4,5,5,5,4,4,2,NEEDS IMPROVEMENT,"The explanation works mathematically, but it does not fully echo the stem/context."
PCT-001,PCT-CP-003:PCT-QL-027:27454,PCT-CP-003,PCT-QL-027,3,2,5,2,2,3,2,REWRITE,"The stem is clear, but the context is generic rather than exam-familiar. Feels too close to neighbouring templates in the same chapter. The stem is usable, but distractor design would be fairly predictable. The explanation works mathematically, but it does not fully echo the stem/context."
PCT-001,PCT-CP-004:PCT-QL-033:26618,PCT-CP-004,PCT-QL-033,4,5,5,5,4,4,3,PASS,"Reads naturally and feels close to an exam-book stem. The explanation works mathematically, but it does not fully echo the stem/context."
PCT-001,PCT-CP-003:PCT-QL-020:25741,PCT-CP-003,PCT-QL-020,4,2,5,2,3,4,2,REWRITE,"The stem is clear, but the context is generic rather than exam-familiar. The explanation works mathematically, but it does not fully echo the stem/context."
PCT-001,PCT-CP-002:PCT-QL-015:24657,PCT-CP-002,PCT-QL-015,5,5,5,5,3,4,2,NEEDS IMPROVEMENT,"The explanation works mathematically, but it does not fully echo the stem/context."
PCT-001,PCT-CP-004:PCT-QL-035:25562,PCT-CP-004,PCT-QL-035,3,2,5,2,2,3,2,REWRITE,"The stem is clear, but the context is generic rather than exam-familiar. Feels too close to neighbouring templates in the same chapter. The stem is usable, but distractor design would be fairly predictable. The explanation works mathematically, but it does not fully echo the stem/context."
PCT-001,PCT-CP-004:PCT-QL-028:24632,PCT-CP-004,PCT-QL-028,4,5,5,5,4,4,2,NEEDS IMPROVEMENT,"The explanation works mathematically, but it does not fully echo the stem/context."
PCT-001,PCT-CP-002:PCT-QL-018:24696,PCT-CP-002,PCT-QL-018,4,2,4,2,3,5,2,REWRITE,"The stem is clear, but the context is generic rather than exam-familiar. The explanation works mathematically, but it does not fully echo the stem/context."
PCT-001,PCT-CP-002:PCT-QL-010:26424,PCT-CP-002,PCT-QL-010,3,2,5,2,2,3,2,REWRITE,"The stem is clear, but the context is generic rather than exam-familiar. Feels too close to neighbouring templates in the same chapter. The stem is usable, but distractor design would be fairly predictable. The explanation works mathematically, but it does not fully echo the stem/context."
PCT-001,PCT-CP-001:PCT-QL-008:25625,PCT-CP-001,PCT-QL-008,3,1,5,2,2,2,2,REWRITE,"The stem is clear, but the context is generic rather than exam-familiar. Feels too close to neighbouring templates in the same chapter. The stem is usable, but distractor design would be fairly predictable. The explanation works mathematically, but it does not fully echo the stem/context."
PCT-001,PCT-CP-003:PCT-QL-021:27508,PCT-CP-003,PCT-QL-021,4,5,5,5,3,4,2,NEEDS IMPROVEMENT,"The explanation works mathematically, but it does not fully echo the stem/context."
PCT-001,PCT-CP-005:PCT-QL-037:28827,PCT-CP-005,PCT-QL-037,4,5,5,5,4,4,3,PASS,"Reads naturally and feels close to an exam-book stem. The explanation works mathematically, but it does not fully echo the stem/context."
PCT-001,PCT-CP-001:PCT-QL-001:24509,PCT-CP-001,PCT-QL-001,5,5,5,5,4,4,3,PASS,"Reads naturally and feels close to an exam-book stem. The explanation works mathematically, but it does not fully echo the stem/context."
PCT-001,PCT-CP-006:PCT-QL-053:24595,PCT-CP-006,PCT-QL-053,4,4,5,4,3,4,3,NEEDS IMPROVEMENT,"The explanation works mathematically, but it does not fully echo the stem/context."
PCT-001,PCT-CP-002:PCT-QL-012:29016,PCT-CP-002,PCT-QL-012,3,2,5,2,2,3,2,REWRITE,"The stem is clear, but the context is generic rather than exam-familiar. Feels too close to neighbouring templates in the same chapter. The stem is usable, but distractor design would be fairly predictable. The explanation works mathematically, but it does not fully echo the stem/context."
PCT-001,PCT-CP-004:PCT-QL-032:26459,PCT-CP-004,PCT-QL-032,4,5,5,5,3,4,2,NEEDS IMPROVEMENT,"The explanation works mathematically, but it does not fully echo the stem/context."
PCT-001,PCT-CP-001:PCT-QL-007:28895,PCT-CP-001,PCT-QL-007,4,1,5,2,3,4,2,REWRITE,"The stem is clear, but the context is generic rather than exam-familiar. The explanation works mathematically, but it does not fully echo the stem/context."
PCT-001,PCT-CP-002:PCT-QL-011:51675,PCT-CP-002,PCT-QL-011,3,2,5,2,2,3,2,REWRITE,"The stem is clear, but the context is generic rather than exam-familiar. Feels too close to neighbouring templates in the same chapter. The stem is usable, but distractor design would be fairly predictable. The explanation works mathematically, but it does not fully echo the stem/context."
PCT-001,PCT-CP-004:PCT-QL-028:51671,PCT-CP-004,PCT-QL-028,4,5,5,5,4,4,2,NEEDS IMPROVEMENT,"The explanation works mathematically, but it does not fully echo the stem/context."
PCT-001,PCT-CP-003:PCT-QL-022:26425,PCT-CP-003,PCT-QL-022,4,2,5,2,3,5,3,REWRITE,"The stem is clear, but the context is generic rather than exam-familiar. The explanation works mathematically, but it does not fully echo the stem/context."
PCT-001,PCT-CP-005:PCT-QL-038:26427,PCT-CP-005,PCT-QL-038,5,5,5,5,3,4,3,PASS,"Reads naturally and feels close to an exam-book stem. The explanation works mathematically, but it does not fully echo the stem/context."
PCT-001,PCT-CP-004:PCT-QL-028:26525,PCT-CP-004,PCT-QL-028,4,5,5,5,4,4,2,NEEDS IMPROVEMENT,"The explanation works mathematically, but it does not fully echo the stem/context."
PCT-001,PCT-CP-003:PCT-QL-026:24751,PCT-CP-003,PCT-QL-026,4,2,4,2,3,5,2,REWRITE,"The stem is clear, but the context is generic rather than exam-familiar. The explanation works mathematically, but it does not fully echo the stem/context."
PCT-001,PCT-CP-005:PCT-QL-037:29046,PCT-CP-005,PCT-QL-037,4,5,5,5,4,4,3,PASS,"Reads naturally and feels close to an exam-book stem. The explanation works mathematically, but it does not fully echo the stem/context."
PCT-001,PCT-CP-004:PCT-QL-029:25463,PCT-CP-004,PCT-QL-029,4,5,5,5,3,4,2,NEEDS IMPROVEMENT,"The explanation works mathematically, but it does not fully echo the stem/context."
PCT-001,PCT-CP-003:PCT-QL-022:24532,PCT-CP-003,PCT-QL-022,4,2,5,2,3,5,3,REWRITE,"The stem is clear, but the context is generic rather than exam-familiar. The explanation works mathematically, but it does not fully echo the stem/context."
PCT-001,PCT-CP-006:PCT-QL-049:27511,PCT-CP-006,PCT-QL-049,4,4,5,4,3,4,3,NEEDS IMPROVEMENT,"The explanation works mathematically, but it does not fully echo the stem/context."
PCT-001,PCT-CP-006:PCT-QL-049:25750,PCT-CP-006,PCT-QL-049,4,4,5,4,3,4,3,NEEDS IMPROVEMENT,"The explanation works mathematically, but it does not fully echo the stem/context."
PCT-001,PCT-CP-003:PCT-QL-023:27388,PCT-CP-003,PCT-QL-023,5,5,5,5,3,5,3,PASS,"Reads naturally and feels close to an exam-book stem. The explanation works mathematically, but it does not fully echo the stem/context."
PCT-001,PCT-CP-005:PCT-QL-038:28833,PCT-CP-005,PCT-QL-038,5,5,5,5,3,4,3,PASS,"Reads naturally and feels close to an exam-book stem. The explanation works mathematically, but it does not fully echo the stem/context."
PCT-001,PCT-CP-005:PCT-QL-038:27516,PCT-CP-005,PCT-QL-038,5,5,5,5,3,4,3,PASS,"Reads naturally and feels close to an exam-book stem. The explanation works mathematically, but it does not fully echo the stem/context."
PCT-001,PCT-CP-003:PCT-QL-021:24658,PCT-CP-003,PCT-QL-021,4,5,5,5,3,4,2,NEEDS IMPROVEMENT,"The explanation works mathematically, but it does not fully echo the stem/context."
PCT-001,PCT-CP-001:PCT-QL-006:24602,PCT-CP-001,PCT-QL-006,4,1,5,2,3,4,2,REWRITE,"The stem is clear, but the context is generic rather than exam-familiar. The explanation works mathematically, but it does not fully echo the stem/context."
PCT-001,PCT-CP-005:PCT-QL-037:25530,PCT-CP-005,PCT-QL-037,4,5,5,5,4,4,3,PASS,"Reads naturally and feels close to an exam-book stem. The explanation works mathematically, but it does not fully echo the stem/context."
PCT-001,PCT-CP-004:PCT-QL-029:27509,PCT-CP-004,PCT-QL-029,4,5,5,5,3,4,2,NEEDS IMPROVEMENT,"The explanation works mathematically, but it does not fully echo the stem/context."
PCT-001,PCT-CP-006:PCT-QL-050:24535,PCT-CP-006,PCT-QL-050,4,4,5,4,3,4,3,NEEDS IMPROVEMENT,"The explanation works mathematically, but it does not fully echo the stem/context."
PCT-001,PCT-CP-004:PCT-QL-035:27455,PCT-CP-004,PCT-QL-035,3,2,5,2,2,3,2,REWRITE,"The stem is clear, but the context is generic rather than exam-familiar. Feels too close to neighbouring templates in the same chapter. The stem is usable, but distractor design would be fairly predictable. The explanation works mathematically, but it does not fully echo the stem/context."
PCT-001,PCT-CP-006:PCT-QL-054:29053,PCT-CP-006,PCT-QL-054,4,4,5,4,4,4,2,NEEDS IMPROVEMENT,"The explanation works mathematically, but it does not fully echo the stem/context."
PCT-001,PCT-CP-006:PCT-QL-050:27517,PCT-CP-006,PCT-QL-050,4,4,5,4,3,4,3,NEEDS IMPROVEMENT,"The explanation works mathematically, but it does not fully echo the stem/context."
PCT-001,PCT-CP-002:PCT-QL-013:24603,PCT-CP-002,PCT-QL-013,3,2,5,2,2,3,2,REWRITE,"The stem is clear, but the context is generic rather than exam-familiar. Feels too close to neighbouring templates in the same chapter. The stem is usable, but distractor design would be fairly predictable. The explanation works mathematically, but it does not fully echo the stem/context."
PCT-001,PCT-CP-005:PCT-QL-043:28926,PCT-CP-005,PCT-QL-043,4,4,5,5,4,4,2,NEEDS IMPROVEMENT,"The explanation works mathematically, but it does not fully echo the stem/context."
PCT-001,PCT-CP-003:PCT-QL-021:28957,PCT-CP-003,PCT-QL-021,4,5,5,5,3,4,2,NEEDS IMPROVEMENT,"The explanation works mathematically, but it does not fully echo the stem/context."
PCT-001,PCT-CP-002:PCT-QL-019:27606,PCT-CP-002,PCT-QL-019,4,2,5,2,3,4,2,REWRITE,"The stem is clear, but the context is generic rather than exam-familiar. The explanation works mathematically, but it does not fully echo the stem/context."
PCT-001,PCT-CP-003:PCT-QL-024:25654,PCT-CP-003,PCT-QL-024,5,5,5,5,4,4,2,NEEDS IMPROVEMENT,"The explanation works mathematically, but it does not fully echo the stem/context."
PCT-001,PCT-CP-001:PCT-QL-001:27479,PCT-CP-001,PCT-QL-001,5,5,5,5,4,4,3,PASS,"Reads naturally and feels close to an exam-book stem. The explanation works mathematically, but it does not fully echo the stem/context."
PCT-001,PCT-CP-005:PCT-QL-045:28959,PCT-CP-005,PCT-QL-045,4,2,5,2,3,4,2,REWRITE,"The stem is clear, but the context is generic rather than exam-familiar. The explanation works mathematically, but it does not fully echo the stem/context."
PCT-001,PCT-CP-004:PCT-QL-033:27575,PCT-CP-004,PCT-QL-033,4,5,5,5,4,4,3,PASS,"Reads naturally and feels close to an exam-book stem. The explanation works mathematically, but it does not fully echo the stem/context."
PCT-001,PCT-CP-006:PCT-QL-049:28960,PCT-CP-006,PCT-QL-049,4,4,5,4,3,4,3,NEEDS IMPROVEMENT,"The explanation works mathematically, but it does not fully echo the stem/context."
PCT-001,PCT-CP-004:PCT-QL-034:27602,PCT-CP-004,PCT-QL-034,4,5,5,5,3,4,2,NEEDS IMPROVEMENT,"The explanation works mathematically, but it does not fully echo the stem/context."
PCT-001,PCT-CP-003:PCT-QL-020:27481,PCT-CP-003,PCT-QL-020,4,2,5,2,3,4,2,REWRITE,"The stem is clear, but the context is generic rather than exam-familiar. The explanation works mathematically, but it does not fully echo the stem/context."
PCT-001,PCT-CP-005:PCT-QL-043:24540,PCT-CP-005,PCT-QL-043,4,4,5,5,4,4,2,NEEDS IMPROVEMENT,"The explanation works mathematically, but it does not fully echo the stem/context."
PCT-001,PCT-CP-003:PCT-QL-027:26518,PCT-CP-003,PCT-QL-027,3,2,5,2,2,3,2,REWRITE,"The stem is clear, but the context is generic rather than exam-familiar. Feels too close to neighbouring templates in the same chapter. The stem is usable, but distractor design would be fairly predictable. The explanation works mathematically, but it does not fully echo the stem/context."
PCT-001,PCT-CP-001:PCT-QL-009:27632,PCT-CP-001,PCT-QL-009,3,2,5,2,2,3,3,REWRITE,"The stem is clear, but the context is generic rather than exam-familiar. Feels too close to neighbouring templates in the same chapter. The stem is usable, but distractor design would be fairly predictable. The explanation works mathematically, but it does not fully echo the stem/context."
PCT-001,PCT-CP-001:PCT-QL-004:24749,PCT-CP-001,PCT-QL-004,3,2,5,2,2,3,2,REWRITE,"The stem is clear, but the context is generic rather than exam-familiar. Feels too close to neighbouring templates in the same chapter. The stem is usable, but distractor design would be fairly predictable. The explanation works mathematically, but it does not fully echo the stem/context."
PCT-001,PCT-CP-003:PCT-QL-026:27448,PCT-CP-003,PCT-QL-026,4,2,4,2,3,5,2,REWRITE,"The stem is clear, but the context is generic rather than exam-familiar. The explanation works mathematically, but it does not fully echo the stem/context."
PCT-001,PCT-CP-004:PCT-QL-031:24539,PCT-CP-004,PCT-QL-031,3,2,5,2,2,3,2,REWRITE,"The stem is clear, but the context is generic rather than exam-familiar. Feels too close to neighbouring templates in the same chapter. The stem is usable, but distractor design would be fairly predictable. The explanation works mathematically, but it does not fully echo the stem/context."
PCT-001,PCT-CP-001:PCT-QL-007:25619,PCT-CP-001,PCT-QL-007,4,1,5,2,3,4,2,REWRITE,"The stem is clear, but the context is generic rather than exam-familiar. The explanation works mathematically, but it does not fully echo the stem/context."
PCT-001,PCT-CP-005:PCT-QL-040:26679,PCT-CP-005,PCT-QL-040,5,5,5,5,3,4,3,PASS,"Reads naturally and feels close to an exam-book stem. The explanation works mathematically, but it does not fully echo the stem/context."
PCT-001,PCT-CP-006:PCT-QL-054:27451,PCT-CP-006,PCT-QL-054,4,4,5,4,4,4,2,NEEDS IMPROVEMENT,"The explanation works mathematically, but it does not fully echo the stem/context."
PCT-001,PCT-CP-006:PCT-QL-052:27571,PCT-CP-006,PCT-QL-052,4,4,5,4,4,4,2,NEEDS IMPROVEMENT,"The explanation works mathematically, but it does not fully echo the stem/context."
PCT-001,PCT-CP-004:PCT-QL-030:27515,PCT-CP-004,PCT-QL-030,4,2,5,2,3,4,2,REWRITE,"The stem is clear, but the context is generic rather than exam-familiar. The explanation works mathematically, but it does not fully echo the stem/context."
PCT-002,PCT-CP-005:PCT-QL-010:PCT-002:en:254,PCT-CP-005,PCT-QL-010,5,5,5,5,4,3,4,PASS,"Reads naturally and feels close to an exam-book stem. The stem is usable, but distractor design would be fairly predictable."
PCT-002,PCT-CP-009:PCT-QL-017:PCT-002:en:428,PCT-CP-009,PCT-QL-017,5,5,5,5,4,4,5,PASS,Reads naturally and feels close to an exam-book stem.
PCT-002,PCT-CP-005:PCT-QL-010:PCT-002:en:234,PCT-CP-005,PCT-QL-010,5,5,5,5,4,3,4,PASS,"Reads naturally and feels close to an exam-book stem. The stem is usable, but distractor design would be fairly predictable."
PCT-002,PCT-CP-005:PCT-QL-010:PCT-002:en:154,PCT-CP-005,PCT-QL-010,5,5,5,5,4,3,4,PASS,"Reads naturally and feels close to an exam-book stem. The stem is usable, but distractor design would be fairly predictable."
PCT-002,PCT-CP-004:PCT-QL-007:PCT-002:en:363,PCT-CP-004,PCT-QL-007,5,5,5,5,5,4,5,PASS,Reads naturally and feels close to an exam-book stem.
PCT-002,PCT-CP-004:PCT-QL-007:PCT-002:en:383,PCT-CP-004,PCT-QL-007,5,5,5,5,5,4,5,PASS,Reads naturally and feels close to an exam-book stem.
PCT-002,PCT-CP-006:PCT-QL-012:PCT-002:en:35,PCT-CP-006,PCT-QL-012,5,5,5,5,5,4,4,PASS,Reads naturally and feels close to an exam-book stem.
PCT-002,PCT-CP-003:PCT-QL-006:PCT-002:en:172,PCT-CP-003,PCT-QL-006,5,5,5,5,5,4,5,PASS,Reads naturally and feels close to an exam-book stem.
PCT-002,PCT-CP-006:PCT-QL-012:PCT-002:en:475,PCT-CP-006,PCT-QL-012,5,5,5,5,5,4,4,PASS,Reads naturally and feels close to an exam-book stem.
PCT-002,PCT-CP-001:PCT-QL-001:PCT-002:en:200,PCT-CP-001,PCT-QL-001,5,5,5,5,5,4,5,PASS,Reads naturally and feels close to an exam-book stem.
PCT-002,PCT-CP-002:PCT-QL-004:PCT-002:en:471,PCT-CP-002,PCT-QL-004,5,5,5,5,5,4,5,PASS,Reads naturally and feels close to an exam-book stem.
PCT-002,PCT-CP-002:PCT-QL-003:PCT-002:en:401,PCT-CP-002,PCT-QL-003,5,5,5,5,5,4,5,PASS,Reads naturally and feels close to an exam-book stem.
PCT-002,PCT-CP-006:PCT-QL-012:PCT-002:en:455,PCT-CP-006,PCT-QL-012,5,5,5,5,5,4,4,PASS,Reads naturally and feels close to an exam-book stem.
PCT-002,PCT-CP-006:PCT-QL-012:PCT-002:en:415,PCT-CP-006,PCT-QL-012,5,5,5,5,5,4,4,PASS,Reads naturally and feels close to an exam-book stem.
PCT-002,PCT-CP-002:PCT-QL-004:PCT-002:en:411,PCT-CP-002,PCT-QL-004,5,5,5,5,5,4,5,PASS,Reads naturally and feels close to an exam-book stem.
PCT-002,PCT-CP-004:PCT-QL-008:PCT-002:en:93,PCT-CP-004,PCT-QL-008,5,5,5,5,5,4,5,PASS,Reads naturally and feels close to an exam-book stem.
PCT-002,PCT-CP-010:PCT-QL-020:PCT-002:en:479,PCT-CP-010,PCT-QL-020,4,5,4,5,5,4,4,PASS,Reads naturally and feels close to an exam-book stem.
PCT-002,PCT-CP-005:PCT-QL-010:PCT-002:en:74,PCT-CP-005,PCT-QL-010,5,5,5,5,4,3,4,PASS,"Reads naturally and feels close to an exam-book stem. The stem is usable, but distractor design would be fairly predictable."
PCT-002,PCT-CP-006:PCT-QL-011:PCT-002:en:345,PCT-CP-006,PCT-QL-011,5,5,5,5,5,4,4,PASS,Reads naturally and feels close to an exam-book stem.
PCT-002,PCT-CP-010:PCT-QL-019:PCT-002:en:489,PCT-CP-010,PCT-QL-019,5,5,5,5,5,4,5,PASS,Reads naturally and feels close to an exam-book stem.
PCT-002,PCT-CP-008:PCT-QL-016:PCT-002:en:97,PCT-CP-008,PCT-QL-016,5,5,5,5,5,4,5,PASS,Reads naturally and feels close to an exam-book stem.
PCT-002,PCT-CP-008:PCT-QL-016:PCT-002:en:37,PCT-CP-008,PCT-QL-016,5,5,5,5,5,4,5,PASS,Reads naturally and feels close to an exam-book stem.
PCT-002,PCT-CP-002:PCT-QL-003:PCT-002:en:461,PCT-CP-002,PCT-QL-003,5,5,5,5,5,4,5,PASS,Reads naturally and feels close to an exam-book stem.
PCT-002,PCT-CP-005:PCT-QL-009:PCT-002:en:364,PCT-CP-005,PCT-QL-009,3,2,5,2,3,2,4,REWRITE,"The stem is clear, but the context is generic rather than exam-familiar. The stem is usable, but distractor design would be fairly predictable."
PCT-002,PCT-CP-003:PCT-QL-006:PCT-002:en:132,PCT-CP-003,PCT-QL-006,5,5,5,5,5,4,5,PASS,Reads naturally and feels close to an exam-book stem.
PCT-002,PCT-CP-003:PCT-QL-006:PCT-002:en:192,PCT-CP-003,PCT-QL-006,5,5,5,5,5,4,5,PASS,Reads naturally and feels close to an exam-book stem.
PCT-002,PCT-CP-010:PCT-QL-020:PCT-002:en:499,PCT-CP-010,PCT-QL-020,4,5,4,5,5,4,4,PASS,Reads naturally and feels close to an exam-book stem.
PCT-002,PCT-CP-010:PCT-QL-020:PCT-002:en:419,PCT-CP-010,PCT-QL-020,4,5,4,5,5,4,4,PASS,Reads naturally and feels close to an exam-book stem.
PCT-002,PCT-CP-005:PCT-QL-010:PCT-002:en:14,PCT-CP-005,PCT-QL-010,5,5,5,5,4,3,4,PASS,"Reads naturally and feels close to an exam-book stem. The stem is usable, but distractor design would be fairly predictable."
PCT-002,PCT-CP-010:PCT-QL-019:PCT-002:en:429,PCT-CP-010,PCT-QL-019,5,5,5,5,5,4,5,PASS,Reads naturally and feels close to an exam-book stem.
PCT-002,PCT-CP-008:PCT-QL-015:PCT-002:en:307,PCT-CP-008,PCT-QL-015,5,5,5,5,5,4,5,PASS,Reads naturally and feels close to an exam-book stem.
PCT-002,PCT-CP-005:PCT-QL-010:PCT-002:en:174,PCT-CP-005,PCT-QL-010,5,5,5,5,4,3,4,PASS,"Reads naturally and feels close to an exam-book stem. The stem is usable, but distractor design would be fairly predictable."
PCT-002,PCT-CP-007:PCT-QL-014:PCT-002:en:136,PCT-CP-007,PCT-QL-014,5,5,5,5,5,4,4,PASS,Reads naturally and feels close to an exam-book stem.
PCT-002,PCT-CP-001:PCT-QL-001:PCT-002:en:60,PCT-CP-001,PCT-QL-001,5,5,5,5,5,4,5,PASS,Reads naturally and feels close to an exam-book stem.
PCT-002,PCT-CP-004:PCT-QL-008:PCT-002:en:53,PCT-CP-004,PCT-QL-008,5,5,5,5,5,4,5,PASS,Reads naturally and feels close to an exam-book stem.
PCT-002,PCT-CP-010:PCT-QL-020:PCT-002:en:439,PCT-CP-010,PCT-QL-020,4,5,4,5,5,4,4,PASS,Reads naturally and feels close to an exam-book stem.
PCT-002,PCT-CP-010:PCT-QL-019:PCT-002:en:449,PCT-CP-010,PCT-QL-019,5,5,5,5,5,4,5,PASS,Reads naturally and feels close to an exam-book stem.
PCT-002,PCT-CP-003:PCT-QL-005:PCT-002:en:442,PCT-CP-003,PCT-QL-005,5,5,5,5,5,4,5,PASS,Reads naturally and feels close to an exam-book stem.
PCT-002,PCT-CP-007:PCT-QL-014:PCT-002:en:16,PCT-CP-007,PCT-QL-014,5,5,5,5,5,4,4,PASS,Reads naturally and feels close to an exam-book stem.
PCT-002,PCT-CP-010:PCT-QL-019:PCT-002:en:269,PCT-CP-010,PCT-QL-019,5,5,5,5,5,4,5,PASS,Reads naturally and feels close to an exam-book stem.
PCT-002,PCT-CP-005:PCT-QL-009:PCT-002:en:344,PCT-CP-005,PCT-QL-009,3,2,5,2,3,2,4,REWRITE,"The stem is clear, but the context is generic rather than exam-familiar. The stem is usable, but distractor design would be fairly predictable."
PCT-002,PCT-CP-005:PCT-QL-009:PCT-002:en:284,PCT-CP-005,PCT-QL-009,3,2,5,2,3,2,4,REWRITE,"The stem is clear, but the context is generic rather than exam-familiar. The stem is usable, but distractor design would be fairly predictable."
PCT-002,PCT-CP-006:PCT-QL-012:PCT-002:en:495,PCT-CP-006,PCT-QL-012,5,5,5,5,5,4,4,PASS,Reads naturally and feels close to an exam-book stem.
PCT-002,PCT-CP-004:PCT-QL-008:PCT-002:en:13,PCT-CP-004,PCT-QL-008,5,5,5,5,5,4,5,PASS,Reads naturally and feels close to an exam-book stem.
PCT-002,PCT-CP-003:PCT-QL-005:PCT-002:en:322,PCT-CP-003,PCT-QL-005,5,5,5,5,5,4,5,PASS,Reads naturally and feels close to an exam-book stem.
PCT-002,PCT-CP-008:PCT-QL-016:PCT-002:en:77,PCT-CP-008,PCT-QL-016,5,5,5,5,5,4,5,PASS,Reads naturally and feels close to an exam-book stem.
PCT-002,PCT-CP-008:PCT-QL-016:PCT-002:en:17,PCT-CP-008,PCT-QL-016,5,5,5,5,5,4,5,PASS,Reads naturally and feels close to an exam-book stem.
PCT-002,PCT-CP-003:PCT-QL-006:PCT-002:en:492,PCT-CP-003,PCT-QL-006,5,5,5,5,5,4,5,PASS,Reads naturally and feels close to an exam-book stem.
PCT-002,PCT-CP-010:PCT-QL-019:PCT-002:en:249,PCT-CP-010,PCT-QL-019,5,5,5,5,5,4,5,PASS,Reads naturally and feels close to an exam-book stem.
PCT-002,PCT-CP-005:PCT-QL-009:PCT-002:en:324,PCT-CP-005,PCT-QL-009,3,2,5,2,3,2,4,REWRITE,"The stem is clear, but the context is generic rather than exam-familiar. The stem is usable, but distractor design would be fairly predictable."
PCT-002,PCT-CP-003:PCT-QL-005:PCT-002:en:482,PCT-CP-003,PCT-QL-005,5,5,5,5,5,4,5,PASS,Reads naturally and feels close to an exam-book stem.
PCT-002,PCT-CP-003:PCT-QL-005:PCT-002:en:462,PCT-CP-003,PCT-QL-005,5,5,5,5,5,4,5,PASS,Reads naturally and feels close to an exam-book stem.
PCT-002,PCT-CP-001:PCT-QL-001:PCT-002:en:40,PCT-CP-001,PCT-QL-001,5,5,5,5,5,4,5,PASS,Reads naturally and feels close to an exam-book stem.
PCT-002,PCT-CP-006:PCT-QL-011:PCT-002:en:105,PCT-CP-006,PCT-QL-011,5,5,5,5,5,4,4,PASS,Reads naturally and feels close to an exam-book stem.
PCT-002,PCT-CP-004:PCT-QL-008:PCT-002:en:453,PCT-CP-004,PCT-QL-008,5,5,5,5,5,4,5,PASS,Reads naturally and feels close to an exam-book stem.
PCT-002,PCT-CP-006:PCT-QL-011:PCT-002:en:245,PCT-CP-006,PCT-QL-011,5,5,5,5,5,4,4,PASS,Reads naturally and feels close to an exam-book stem.
PCT-002,PCT-CP-009:PCT-QL-017:PCT-002:en:288,PCT-CP-009,PCT-QL-017,5,5,5,5,4,4,5,PASS,Reads naturally and feels close to an exam-book stem.
PCT-002,PCT-CP-009:PCT-QL-017:PCT-002:en:208,PCT-CP-009,PCT-QL-017,5,5,5,5,4,4,5,PASS,Reads naturally and feels close to an exam-book stem.
PCT-002,PCT-CP-008:PCT-QL-015:PCT-002:en:387,PCT-CP-008,PCT-QL-015,5,5,5,5,5,4,5,PASS,Reads naturally and feels close to an exam-book stem.
PCT-002,PCT-CP-002:PCT-QL-004:PCT-002:en:151,PCT-CP-002,PCT-QL-004,5,5,5,5,5,4,5,PASS,Reads naturally and feels close to an exam-book stem.
PCT-002,PCT-CP-007:PCT-QL-014:PCT-002:en:156,PCT-CP-007,PCT-QL-014,5,5,5,5,5,4,4,PASS,Reads naturally and feels close to an exam-book stem.
PCT-002,PCT-CP-007:PCT-QL-014:PCT-002:en:196,PCT-CP-007,PCT-QL-014,5,5,5,5,5,4,4,PASS,Reads naturally and feels close to an exam-book stem.
PCT-002,PCT-CP-004:PCT-QL-008:PCT-002:en:73,PCT-CP-004,PCT-QL-008,5,5,5,5,5,4,5,PASS,Reads naturally and feels close to an exam-book stem.
PCT-002,PCT-CP-008:PCT-QL-015:PCT-002:en:247,PCT-CP-008,PCT-QL-015,5,5,5,5,5,4,5,PASS,Reads naturally and feels close to an exam-book stem.
PCT-002,PCT-CP-009:PCT-QL-017:PCT-002:en:268,PCT-CP-009,PCT-QL-017,5,5,5,5,4,4,5,PASS,Reads naturally and feels close to an exam-book stem.
PCT-002,PCT-CP-005:PCT-QL-009:PCT-002:en:64,PCT-CP-005,PCT-QL-009,3,2,5,2,3,2,4,REWRITE,"The stem is clear, but the context is generic rather than exam-familiar. The stem is usable, but distractor design would be fairly predictable."
PCT-002,PCT-CP-001:PCT-QL-001:PCT-002:en:460,PCT-CP-001,PCT-QL-001,5,5,5,5,5,4,5,PASS,Reads naturally and feels close to an exam-book stem.
PCT-002,PCT-CP-010:PCT-QL-019:PCT-002:en:289,PCT-CP-010,PCT-QL-019,5,5,5,5,5,4,5,PASS,Reads naturally and feels close to an exam-book stem.
PCT-002,PCT-CP-004:PCT-QL-008:PCT-002:en:433,PCT-CP-004,PCT-QL-008,5,5,5,5,5,4,5,PASS,Reads naturally and feels close to an exam-book stem.
PCT-002,PCT-CP-009:PCT-QL-017:PCT-002:en:248,PCT-CP-009,PCT-QL-017,5,5,5,5,4,4,5,PASS,Reads naturally and feels close to an exam-book stem.
PCT-002,PCT-CP-007:PCT-QL-014:PCT-002:en:96,PCT-CP-007,PCT-QL-014,5,5,5,5,5,4,4,PASS,Reads naturally and feels close to an exam-book stem.
PCT-002,PCT-CP-005:PCT-QL-009:PCT-002:en:204,PCT-CP-005,PCT-QL-009,3,2,5,2,3,2,4,REWRITE,"The stem is clear, but the context is generic rather than exam-familiar. The stem is usable, but distractor design would be fairly predictable."
PCT-002,PCT-CP-002:PCT-QL-004:PCT-002:en:191,PCT-CP-002,PCT-QL-004,5,5,5,5,5,4,5,PASS,Reads naturally and feels close to an exam-book stem.
PCT-002,PCT-CP-001:PCT-QL-002:PCT-002:en:110,PCT-CP-001,PCT-QL-002,5,5,5,5,5,4,5,PASS,Reads naturally and feels close to an exam-book stem.
PCT-002,PCT-CP-004:PCT-QL-007:PCT-002:en:183,PCT-CP-004,PCT-QL-007,5,5,5,5,5,4,5,PASS,Reads naturally and feels close to an exam-book stem.
PCT-002,PCT-CP-004:PCT-QL-007:PCT-002:en:163,PCT-CP-004,PCT-QL-007,5,5,5,5,5,4,5,PASS,Reads naturally and feels close to an exam-book stem.
PCT-002,PCT-CP-009:PCT-QL-017:PCT-002:en:368,PCT-CP-009,PCT-QL-017,5,5,5,5,4,4,5,PASS,Reads naturally and feels close to an exam-book stem.
PCT-002,PCT-CP-005:PCT-QL-009:PCT-002:en:484,PCT-CP-005,PCT-QL-009,3,2,5,2,3,2,4,REWRITE,"The stem is clear, but the context is generic rather than exam-familiar. The stem is usable, but distractor design would be fairly predictable."
PCT-002,PCT-CP-003:PCT-QL-005:PCT-002:en:302,PCT-CP-003,PCT-QL-005,5,5,5,5,5,4,5,PASS,Reads naturally and feels close to an exam-book stem.
PCT-002,PCT-CP-003:PCT-QL-006:PCT-002:en:472,PCT-CP-003,PCT-QL-006,5,5,5,5,5,4,5,PASS,Reads naturally and feels close to an exam-book stem.
PCT-002,PCT-CP-003:PCT-QL-006:PCT-002:en:412,PCT-CP-003,PCT-QL-006,5,5,5,5,5,4,5,PASS,Reads naturally and feels close to an exam-book stem.
PCT-002,PCT-CP-005:PCT-QL-009:PCT-002:en:224,PCT-CP-005,PCT-QL-009,3,2,5,2,3,2,4,REWRITE,"The stem is clear, but the context is generic rather than exam-familiar. The stem is usable, but distractor design would be fairly predictable."
PCT-002,PCT-CP-005:PCT-QL-009:PCT-002:en:264,PCT-CP-005,PCT-QL-009,3,2,5,2,3,2,4,REWRITE,"The stem is clear, but the context is generic rather than exam-familiar. The stem is usable, but distractor design would be fairly predictable."
PCT-002,PCT-CP-002:PCT-QL-004:PCT-002:en:171,PCT-CP-002,PCT-QL-004,5,5,5,5,5,4,5,PASS,Reads naturally and feels close to an exam-book stem.
PCT-002,PCT-CP-006:PCT-QL-011:PCT-002:en:185,PCT-CP-006,PCT-QL-011,5,5,5,5,5,4,4,PASS,Reads naturally and feels close to an exam-book stem.
PCT-002,PCT-CP-004:PCT-QL-008:PCT-002:en:473,PCT-CP-004,PCT-QL-008,5,5,5,5,5,4,5,PASS,Reads naturally and feels close to an exam-book stem.
PCT-002,PCT-CP-002:PCT-QL-003:PCT-002:en:21,PCT-CP-002,PCT-QL-003,5,5,5,5,5,4,5,PASS,Reads naturally and feels close to an exam-book stem.
PCT-002,PCT-CP-006:PCT-QL-012:PCT-002:en:235,PCT-CP-006,PCT-QL-012,5,5,5,5,5,4,4,PASS,Reads naturally and feels close to an exam-book stem.
PCT-002,PCT-CP-009:PCT-QL-017:PCT-002:en:388,PCT-CP-009,PCT-QL-017,5,5,5,5,4,4,5,PASS,Reads naturally and feels close to an exam-book stem.
PCT-002,PCT-CP-001:PCT-QL-001:PCT-002:en:440,PCT-CP-001,PCT-QL-001,5,5,5,5,5,4,5,PASS,Reads naturally and feels close to an exam-book stem.
PCT-002,PCT-CP-010:PCT-QL-020:PCT-002:en:299,PCT-CP-010,PCT-QL-020,4,5,4,5,5,4,4,PASS,Reads naturally and feels close to an exam-book stem.
PCT-002,PCT-CP-010:PCT-QL-020:PCT-002:en:219,PCT-CP-010,PCT-QL-020,4,5,4,5,5,4,4,PASS,Reads naturally and feels close to an exam-book stem.
PCT-002,PCT-CP-008:PCT-QL-015:PCT-002:en:467,PCT-CP-008,PCT-QL-015,5,5,5,5,5,4,5,PASS,Reads naturally and feels close to an exam-book stem.
PCT-002,PCT-CP-002:PCT-QL-004:PCT-002:en:51,PCT-CP-002,PCT-QL-004,5,5,5,5,5,4,5,PASS,Reads naturally and feels close to an exam-book stem.
PCT-002,PCT-CP-008:PCT-QL-016:PCT-002:en:117,PCT-CP-008,PCT-QL-016,5,5,5,5,5,4,5,PASS,Reads naturally and feels close to an exam-book stem.
PCT-002,PCT-CP-008:PCT-QL-016:PCT-002:en:177,PCT-CP-008,PCT-QL-016,5,5,5,5,5,4,5,PASS,Reads naturally and feels close to an exam-book stem.
PCT-002,PCT-CP-001:PCT-QL-002:PCT-002:en:230,PCT-CP-001,PCT-QL-002,5,5,5,5,5,4,5,PASS,Reads naturally and feels close to an exam-book stem.
PCT-002,PCT-CP-005:PCT-QL-009:PCT-002:en:24,PCT-CP-005,PCT-QL-009,3,2,5,2,3,2,4,REWRITE,"The stem is clear, but the context is generic rather than exam-familiar. The stem is usable, but distractor design would be fairly predictable."
PCT-002,PCT-CP-004:PCT-QL-007:PCT-002:en:43,PCT-CP-004,PCT-QL-007,5,5,5,5,5,4,5,PASS,Reads naturally and feels close to an exam-book stem.
PCT-002,PCT-CP-010:PCT-QL-020:PCT-002:en:279,PCT-CP-010,PCT-QL-020,4,5,4,5,5,4,4,PASS,Reads naturally and feels close to an exam-book stem.
PCT-003,PCT-CP-008:PCT-QL-016:PCT-003:en:57,PCT-CP-008,PCT-QL-016,4,2,5,2,3,4,4,REWRITE,"The stem is clear, but the context is generic rather than exam-familiar."
PCT-003,PCT-CP-008:PCT-QL-016:PCT-003:en:37,PCT-CP-008,PCT-QL-016,4,2,5,2,3,4,4,REWRITE,"The stem is clear, but the context is generic rather than exam-familiar."
PCT-003,PCT-CP-008:PCT-QL-016:PCT-003:en:97,PCT-CP-008,PCT-QL-016,4,2,5,2,3,4,4,REWRITE,"The stem is clear, but the context is generic rather than exam-familiar."
PCT-003,PCT-CP-009:PCT-QL-018:PCT-003:en:278,PCT-CP-009,PCT-QL-018,5,5,5,5,3,4,5,PASS,Reads naturally and feels close to an exam-book stem.
PCT-003,PCT-CP-004:PCT-QL-007:PCT-003:en:443,PCT-CP-004,PCT-QL-007,5,5,5,5,3,4,4,PASS,Reads naturally and feels close to an exam-book stem.
PCT-003,PCT-CP-008:PCT-QL-015:PCT-003:en:267,PCT-CP-008,PCT-QL-015,4,5,5,5,4,4,5,PASS,Reads naturally and feels close to an exam-book stem.
PCT-003,PCT-CP-008:PCT-QL-015:PCT-003:en:207,PCT-CP-008,PCT-QL-015,4,5,5,5,4,4,5,PASS,Reads naturally and feels close to an exam-book stem.
PCT-003,PCT-CP-006:PCT-QL-011:PCT-003:en:165,PCT-CP-006,PCT-QL-011,5,5,5,5,3,5,4,PASS,Reads naturally and feels close to an exam-book stem.
PCT-003,PCT-CP-006:PCT-QL-012:PCT-003:en:415,PCT-CP-006,PCT-QL-012,5,5,5,5,3,5,4,PASS,Reads naturally and feels close to an exam-book stem.
PCT-003,PCT-CP-007:PCT-QL-013:PCT-003:en:446,PCT-CP-007,PCT-QL-013,4,4,4,5,4,5,5,PASS,Reads naturally and feels close to an exam-book stem.
PCT-003,PCT-CP-007:PCT-QL-013:PCT-003:en:426,PCT-CP-007,PCT-QL-013,4,4,4,5,4,5,5,PASS,Reads naturally and feels close to an exam-book stem.
PCT-003,PCT-CP-010:PCT-QL-019:PCT-003:en:309,PCT-CP-010,PCT-QL-019,5,5,5,5,3,4,5,PASS,Reads naturally and feels close to an exam-book stem.
PCT-003,PCT-CP-004:PCT-QL-007:PCT-003:en:43,PCT-CP-004,PCT-QL-007,5,5,5,5,3,4,4,PASS,Reads naturally and feels close to an exam-book stem.
PCT-003,PCT-CP-001:PCT-QL-001:PCT-003:en:480,PCT-CP-001,PCT-QL-001,5,5,5,5,3,4,5,PASS,Reads naturally and feels close to an exam-book stem.
PCT-003,PCT-CP-002:PCT-QL-004:PCT-003:en:351,PCT-CP-002,PCT-QL-004,5,5,5,5,3,4,5,PASS,Reads naturally and feels close to an exam-book stem.
PCT-003,PCT-CP-009:PCT-QL-017:PCT-003:en:208,PCT-CP-009,PCT-QL-017,5,5,5,5,3,4,5,PASS,Reads naturally and feels close to an exam-book stem.
PCT-003,PCT-CP-009:PCT-QL-017:PCT-003:en:288,PCT-CP-009,PCT-QL-017,5,5,5,5,3,4,5,PASS,Reads naturally and feels close to an exam-book stem.
PCT-003,PCT-CP-006:PCT-QL-012:PCT-003:en:55,PCT-CP-006,PCT-QL-012,5,5,5,5,3,5,4,PASS,Reads naturally and feels close to an exam-book stem.
PCT-003,PCT-CP-001:PCT-QL-002:PCT-003:en:450,PCT-CP-001,PCT-QL-002,5,5,5,5,3,4,5,PASS,Reads naturally and feels close to an exam-book stem.
PCT-003,PCT-CP-006:PCT-QL-011:PCT-003:en:145,PCT-CP-006,PCT-QL-011,5,5,5,5,3,5,4,PASS,Reads naturally and feels close to an exam-book stem.
PCT-003,PCT-CP-006:PCT-QL-011:PCT-003:en:105,PCT-CP-006,PCT-QL-011,5,5,5,5,3,5,4,PASS,Reads naturally and feels close to an exam-book stem.
PCT-003,PCT-CP-006:PCT-QL-012:PCT-003:en:475,PCT-CP-006,PCT-QL-012,5,5,5,5,3,5,4,PASS,Reads naturally and feels close to an exam-book stem.
PCT-003,PCT-CP-007:PCT-QL-013:PCT-003:en:386,PCT-CP-007,PCT-QL-013,4,4,4,5,4,5,5,PASS,Reads naturally and feels close to an exam-book stem.
PCT-003,PCT-CP-010:PCT-QL-020:PCT-003:en:379,PCT-CP-010,PCT-QL-020,5,5,5,5,3,4,5,PASS,Reads naturally and feels close to an exam-book stem.
PCT-003,PCT-CP-007:PCT-QL-014:PCT-003:en:136,PCT-CP-007,PCT-QL-014,4,4,4,5,4,5,5,PASS,Reads naturally and feels close to an exam-book stem.
PCT-003,PCT-CP-007:PCT-QL-014:PCT-003:en:196,PCT-CP-007,PCT-QL-014,4,4,4,5,4,5,5,PASS,Reads naturally and feels close to an exam-book stem.
PCT-003,PCT-CP-006:PCT-QL-012:PCT-003:en:35,PCT-CP-006,PCT-QL-012,5,5,5,5,3,5,4,PASS,Reads naturally and feels close to an exam-book stem.
PCT-003,PCT-CP-003:PCT-QL-005:PCT-003:en:162,PCT-CP-003,PCT-QL-005,5,5,5,5,4,4,5,PASS,Reads naturally and feels close to an exam-book stem.
PCT-003,PCT-CP-001:PCT-QL-002:PCT-003:en:50,PCT-CP-001,PCT-QL-002,5,5,5,5,3,4,5,PASS,Reads naturally and feels close to an exam-book stem.
PCT-003,PCT-CP-010:PCT-QL-020:PCT-003:en:319,PCT-CP-010,PCT-QL-020,5,5,5,5,3,4,5,PASS,Reads naturally and feels close to an exam-book stem.
PCT-003,PCT-CP-010:PCT-QL-020:PCT-003:en:399,PCT-CP-010,PCT-QL-020,5,5,5,5,3,4,5,PASS,Reads naturally and feels close to an exam-book stem.
PCT-003,PCT-CP-002:PCT-QL-004:PCT-003:en:391,PCT-CP-002,PCT-QL-004,5,5,5,5,3,4,5,PASS,Reads naturally and feels close to an exam-book stem.
PCT-003,PCT-CP-009:PCT-QL-018:PCT-003:en:258,PCT-CP-009,PCT-QL-018,5,5,5,5,3,4,5,PASS,Reads naturally and feels close to an exam-book stem.
PCT-003,PCT-CP-004:PCT-QL-007:PCT-003:en:243,PCT-CP-004,PCT-QL-007,5,5,5,5,3,4,4,PASS,Reads naturally and feels close to an exam-book stem.
PCT-003,PCT-CP-003:PCT-QL-005:PCT-003:en:202,PCT-CP-003,PCT-QL-005,5,5,5,5,4,4,5,PASS,Reads naturally and feels close to an exam-book stem.
PCT-003,PCT-CP-010:PCT-QL-019:PCT-003:en:369,PCT-CP-010,PCT-QL-019,5,5,5,5,3,4,5,PASS,Reads naturally and feels close to an exam-book stem.
PCT-003,PCT-CP-005:PCT-QL-010:PCT-003:en:94,PCT-CP-005,PCT-QL-010,5,5,5,5,3,5,5,PASS,Reads naturally and feels close to an exam-book stem.
PCT-003,PCT-CP-001:PCT-QL-001:PCT-003:en:460,PCT-CP-001,PCT-QL-001,5,5,5,5,3,4,5,PASS,Reads naturally and feels close to an exam-book stem.
PCT-003,PCT-CP-004:PCT-QL-008:PCT-003:en:233,PCT-CP-004,PCT-QL-008,5,5,5,5,4,4,4,PASS,Reads naturally and feels close to an exam-book stem.
PCT-003,PCT-CP-004:PCT-QL-008:PCT-003:en:253,PCT-CP-004,PCT-QL-008,5,5,5,5,4,4,4,PASS,Reads naturally and feels close to an exam-book stem.
PCT-003,PCT-CP-001:PCT-QL-002:PCT-003:en:470,PCT-CP-001,PCT-QL-002,5,5,5,5,3,4,5,PASS,Reads naturally and feels close to an exam-book stem.
PCT-003,PCT-CP-003:PCT-QL-005:PCT-003:en:142,PCT-CP-003,PCT-QL-005,5,5,5,5,4,4,5,PASS,Reads naturally and feels close to an exam-book stem.
PCT-003,PCT-CP-008:PCT-QL-015:PCT-003:en:287,PCT-CP-008,PCT-QL-015,4,5,5,5,4,4,5,PASS,Reads naturally and feels close to an exam-book stem.
PCT-003,PCT-CP-006:PCT-QL-012:PCT-003:en:455,PCT-CP-006,PCT-QL-012,5,5,5,5,3,5,4,PASS,Reads naturally and feels close to an exam-book stem.
PCT-003,PCT-CP-006:PCT-QL-012:PCT-003:en:495,PCT-CP-006,PCT-QL-012,5,5,5,5,3,5,4,PASS,Reads naturally and feels close to an exam-book stem.
PCT-003,PCT-CP-010:PCT-QL-020:PCT-003:en:359,PCT-CP-010,PCT-QL-020,5,5,5,5,3,4,5,PASS,Reads naturally and feels close to an exam-book stem.
PCT-003,PCT-CP-006:PCT-QL-011:PCT-003:en:245,PCT-CP-006,PCT-QL-011,5,5,5,5,3,5,4,PASS,Reads naturally and feels close to an exam-book stem.
PCT-003,PCT-CP-001:PCT-QL-001:PCT-003:en:400,PCT-CP-001,PCT-QL-001,5,5,5,5,3,4,5,PASS,Reads naturally and feels close to an exam-book stem.
PCT-003,PCT-CP-008:PCT-QL-015:PCT-003:en:367,PCT-CP-008,PCT-QL-015,4,5,5,5,4,4,5,PASS,Reads naturally and feels close to an exam-book stem.
PCT-003,PCT-CP-004:PCT-QL-008:PCT-003:en:133,PCT-CP-004,PCT-QL-008,5,5,5,5,4,4,4,PASS,Reads naturally and feels close to an exam-book stem.
PCT-003,PCT-CP-009:PCT-QL-018:PCT-003:en:378,PCT-CP-009,PCT-QL-018,5,5,5,5,3,4,5,PASS,Reads naturally and feels close to an exam-book stem.
PCT-003,PCT-CP-006:PCT-QL-011:PCT-003:en:185,PCT-CP-006,PCT-QL-011,5,5,5,5,3,5,4,PASS,Reads naturally and feels close to an exam-book stem.
PCT-003,PCT-CP-010:PCT-QL-019:PCT-003:en:289,PCT-CP-010,PCT-QL-019,5,5,5,5,3,4,5,PASS,Reads naturally and feels close to an exam-book stem.
PCT-003,PCT-CP-007:PCT-QL-013:PCT-003:en:306,PCT-CP-007,PCT-QL-013,4,4,4,5,4,5,5,PASS,Reads naturally and feels close to an exam-book stem.
PCT-003,PCT-CP-007:PCT-QL-013:PCT-003:en:366,PCT-CP-007,PCT-QL-013,4,4,4,5,4,5,5,PASS,Reads naturally and feels close to an exam-book stem.
PCT-003,PCT-CP-005:PCT-QL-009:PCT-003:en:404,PCT-CP-005,PCT-QL-009,5,5,5,5,3,5,5,PASS,Reads naturally and feels close to an exam-book stem.
PCT-003,PCT-CP-006:PCT-QL-011:PCT-003:en:225,PCT-CP-006,PCT-QL-011,5,5,5,5,3,5,4,PASS,Reads naturally and feels close to an exam-book stem.
PCT-003,PCT-CP-007:PCT-QL-014:PCT-003:en:116,PCT-CP-007,PCT-QL-014,4,4,4,5,4,5,5,PASS,Reads naturally and feels close to an exam-book stem.
PCT-003,PCT-CP-007:PCT-QL-013:PCT-003:en:246,PCT-CP-007,PCT-QL-013,4,4,4,5,4,5,5,PASS,Reads naturally and feels close to an exam-book stem.
PCT-003,PCT-CP-003:PCT-QL-006:PCT-003:en:192,PCT-CP-003,PCT-QL-006,5,5,5,5,4,4,5,PASS,Reads naturally and feels close to an exam-book stem.
PCT-003,PCT-CP-003:PCT-QL-006:PCT-003:en:172,PCT-CP-003,PCT-QL-006,5,5,5,5,4,4,5,PASS,Reads naturally and feels close to an exam-book stem.
PCT-003,PCT-CP-004:PCT-QL-007:PCT-003:en:463,PCT-CP-004,PCT-QL-007,5,5,5,5,3,4,4,PASS,Reads naturally and feels close to an exam-book stem.
PCT-003,PCT-CP-010:PCT-QL-020:PCT-003:en:279,PCT-CP-010,PCT-QL-020,5,5,5,5,3,4,5,PASS,Reads naturally and feels close to an exam-book stem.
PCT-003,PCT-CP-004:PCT-QL-008:PCT-003:en:73,PCT-CP-004,PCT-QL-008,5,5,5,5,4,4,4,PASS,Reads naturally and feels close to an exam-book stem.
PCT-003,PCT-CP-004:PCT-QL-008:PCT-003:en:93,PCT-CP-004,PCT-QL-008,5,5,5,5,4,4,4,PASS,Reads naturally and feels close to an exam-book stem.
PCT-003,PCT-CP-009:PCT-QL-018:PCT-003:en:358,PCT-CP-009,PCT-QL-018,5,5,5,5,3,4,5,PASS,Reads naturally and feels close to an exam-book stem.
PCT-003,PCT-CP-010:PCT-QL-019:PCT-003:en:269,PCT-CP-010,PCT-QL-019,5,5,5,5,3,4,5,PASS,Reads naturally and feels close to an exam-book stem.
PCT-003,PCT-CP-005:PCT-QL-009:PCT-003:en:464,PCT-CP-005,PCT-QL-009,5,5,5,5,3,5,5,PASS,Reads naturally and feels close to an exam-book stem.
PCT-003,PCT-CP-004:PCT-QL-007:PCT-003:en:63,PCT-CP-004,PCT-QL-007,5,5,5,5,3,4,4,PASS,Reads naturally and feels close to an exam-book stem.
PCT-003,PCT-CP-005:PCT-QL-010:PCT-003:en:34,PCT-CP-005,PCT-QL-010,5,5,5,5,3,5,5,PASS,Reads naturally and feels close to an exam-book stem.
PCT-003,PCT-CP-003:PCT-QL-005:PCT-003:en:462,PCT-CP-003,PCT-QL-005,5,5,5,5,4,4,5,PASS,Reads naturally and feels close to an exam-book stem.
PCT-003,PCT-CP-002:PCT-QL-004:PCT-003:en:71,PCT-CP-002,PCT-QL-004,5,5,5,5,3,4,5,PASS,Reads naturally and feels close to an exam-book stem.
PCT-003,PCT-CP-010:PCT-QL-020:PCT-003:en:259,PCT-CP-010,PCT-QL-020,5,5,5,5,3,4,5,PASS,Reads naturally and feels close to an exam-book stem.
PCT-003,PCT-CP-004:PCT-QL-008:PCT-003:en:453,PCT-CP-004,PCT-QL-008,5,5,5,5,4,4,4,PASS,Reads naturally and feels close to an exam-book stem.
PCT-003,PCT-CP-004:PCT-QL-008:PCT-003:en:433,PCT-CP-004,PCT-QL-008,5,5,5,5,4,4,4,PASS,Reads naturally and feels close to an exam-book stem.
PCT-003,PCT-CP-001:PCT-QL-002:PCT-003:en:330,PCT-CP-001,PCT-QL-002,5,5,5,5,3,4,5,PASS,Reads naturally and feels close to an exam-book stem.
PCT-003,PCT-CP-003:PCT-QL-005:PCT-003:en:282,PCT-CP-003,PCT-QL-005,5,5,5,5,4,4,5,PASS,Reads naturally and feels close to an exam-book stem.
PCT-003,PCT-CP-002:PCT-QL-003:PCT-003:en:361,PCT-CP-002,PCT-QL-003,5,5,5,5,3,4,5,PASS,Reads naturally and feels close to an exam-book stem.
PCT-003,PCT-CP-010:PCT-QL-019:PCT-003:en:249,PCT-CP-010,PCT-QL-019,5,5,5,5,3,4,5,PASS,Reads naturally and feels close to an exam-book stem.
PCT-003,PCT-CP-003:PCT-QL-005:PCT-003:en:222,PCT-CP-003,PCT-QL-005,5,5,5,5,4,4,5,PASS,Reads naturally and feels close to an exam-book stem.
PCT-003,PCT-CP-005:PCT-QL-010:PCT-003:en:14,PCT-CP-005,PCT-QL-010,5,5,5,5,3,5,5,PASS,Reads naturally and feels close to an exam-book stem.
PCT-003,PCT-CP-003:PCT-QL-006:PCT-003:en:92,PCT-CP-003,PCT-QL-006,5,5,5,5,4,4,5,PASS,Reads naturally and feels close to an exam-book stem.
PCT-003,PCT-CP-010:PCT-QL-020:PCT-003:en:239,PCT-CP-010,PCT-QL-020,5,5,5,5,3,4,5,PASS,Reads naturally and feels close to an exam-book stem.
PCT-003,PCT-CP-009:PCT-QL-018:PCT-003:en:398,PCT-CP-009,PCT-QL-018,5,5,5,5,3,4,5,PASS,Reads naturally and feels close to an exam-book stem.
PCT-003,PCT-CP-001:PCT-QL-001:PCT-003:en:220,PCT-CP-001,PCT-QL-001,5,5,5,5,3,4,5,PASS,Reads naturally and feels close to an exam-book stem.
PCT-003,PCT-CP-006:PCT-QL-011:PCT-003:en:205,PCT-CP-006,PCT-QL-011,5,5,5,5,3,5,4,PASS,Reads naturally and feels close to an exam-book stem.
PCT-003,PCT-CP-004:PCT-QL-008:PCT-003:en:313,PCT-CP-004,PCT-QL-008,5,5,5,5,4,4,4,PASS,Reads naturally and feels close to an exam-book stem.
PCT-003,PCT-CP-010:PCT-QL-019:PCT-003:en:429,PCT-CP-010,PCT-QL-019,5,5,5,5,3,4,5,PASS,Reads naturally and feels close to an exam-book stem.
PCT-003,PCT-CP-008:PCT-QL-016:PCT-003:en:377,PCT-CP-008,PCT-QL-016,4,2,5,2,3,4,4,REWRITE,"The stem is clear, but the context is generic rather than exam-familiar."
PCT-003,PCT-CP-005:PCT-QL-009:PCT-003:en:264,PCT-CP-005,PCT-QL-009,5,5,5,5,3,5,5,PASS,Reads naturally and feels close to an exam-book stem.
PCT-003,PCT-CP-008:PCT-QL-015:PCT-003:en:327,PCT-CP-008,PCT-QL-015,4,5,5,5,4,4,5,PASS,Reads naturally and feels close to an exam-book stem.
PCT-003,PCT-CP-008:PCT-QL-015:PCT-003:en:347,PCT-CP-008,PCT-QL-015,4,5,5,5,4,4,5,PASS,Reads naturally and feels close to an exam-book stem.
PCT-003,PCT-CP-005:PCT-QL-010:PCT-003:en:114,PCT-CP-005,PCT-QL-010,5,5,5,5,3,5,5,PASS,Reads naturally and feels close to an exam-book stem.
PCT-003,PCT-CP-006:PCT-QL-011:PCT-003:en:445,PCT-CP-006,PCT-QL-011,5,5,5,5,3,5,4,PASS,Reads naturally and feels close to an exam-book stem.
PCT-003,PCT-CP-003:PCT-QL-006:PCT-003:en:312,PCT-CP-003,PCT-QL-006,5,5,5,5,4,4,5,PASS,Reads naturally and feels close to an exam-book stem.
PCT-003,PCT-CP-004:PCT-QL-008:PCT-003:en:493,PCT-CP-004,PCT-QL-008,5,5,5,5,4,4,4,PASS,Reads naturally and feels close to an exam-book stem.
PCT-003,PCT-CP-006:PCT-QL-012:PCT-003:en:175,PCT-CP-006,PCT-QL-012,5,5,5,5,3,5,4,PASS,Reads naturally and feels close to an exam-book stem.
PCT-003,PCT-CP-003:PCT-QL-006:PCT-003:en:72,PCT-CP-003,PCT-QL-006,5,5,5,5,4,4,5,PASS,Reads naturally and feels close to an exam-book stem.
PCT-003,PCT-CP-007:PCT-QL-013:PCT-003:en:226,PCT-CP-007,PCT-QL-013,4,4,4,5,4,5,5,PASS,Reads naturally and feels close to an exam-book stem.
PCT-003,PCT-CP-003:PCT-QL-005:PCT-003:en:342,PCT-CP-003,PCT-QL-005,5,5,5,5,4,4,5,PASS,Reads naturally and feels close to an exam-book stem.
PCT-004,PCT-CP-010:PCT-QL-019:PCT-004:en:49,PCT-CP-010,PCT-QL-019,5,5,5,5,3,4,5,PASS,Reads naturally and feels close to an exam-book stem.
PCT-004,PCT-CP-005:PCT-QL-009:PCT-004:en:284,PCT-CP-005,PCT-QL-009,5,5,5,5,3,5,5,PASS,Reads naturally and feels close to an exam-book stem.
PCT-004,PCT-CP-006:PCT-QL-012:PCT-004:en:335,PCT-CP-006,PCT-QL-012,5,5,5,5,3,5,4,PASS,Reads naturally and feels close to an exam-book stem.
PCT-004,PCT-CP-003:PCT-QL-005:PCT-004:en:302,PCT-CP-003,PCT-QL-005,4,2,5,2,3,4,4,REWRITE,"The stem is clear, but the context is generic rather than exam-familiar."
PCT-004,PCT-CP-006:PCT-QL-012:PCT-004:en:295,PCT-CP-006,PCT-QL-012,5,5,5,5,3,5,4,PASS,Reads naturally and feels close to an exam-book stem.
PCT-004,PCT-CP-002:PCT-QL-003:PCT-004:en:141,PCT-CP-002,PCT-QL-003,5,5,5,5,3,4,5,PASS,Reads naturally and feels close to an exam-book stem.
PCT-004,PCT-CP-010:PCT-QL-019:PCT-004:en:69,PCT-CP-010,PCT-QL-019,5,5,5,5,3,4,5,PASS,Reads naturally and feels close to an exam-book stem.
PCT-004,PCT-CP-004:PCT-QL-008:PCT-004:en:33,PCT-CP-004,PCT-QL-008,5,5,5,5,4,4,4,PASS,Reads naturally and feels close to an exam-book stem.
PCT-004,PCT-CP-006:PCT-QL-012:PCT-004:en:355,PCT-CP-006,PCT-QL-012,5,5,5,5,3,5,4,PASS,Reads naturally and feels close to an exam-book stem.
PCT-004,PCT-CP-008:PCT-QL-015:PCT-004:en:227,PCT-CP-008,PCT-QL-015,4,5,5,5,4,4,5,PASS,Reads naturally and feels close to an exam-book stem.
PCT-004,PCT-CP-006:PCT-QL-011:PCT-004:en:65,PCT-CP-006,PCT-QL-011,5,5,5,5,3,5,4,PASS,Reads naturally and feels close to an exam-book stem.
PCT-004,PCT-CP-005:PCT-QL-009:PCT-004:en:124,PCT-CP-005,PCT-QL-009,5,5,5,5,3,5,5,PASS,Reads naturally and feels close to an exam-book stem.
PCT-004,PCT-CP-007:PCT-QL-013:PCT-004:en:226,PCT-CP-007,PCT-QL-013,4,4,4,5,4,5,5,PASS,Reads naturally and feels close to an exam-book stem.
PCT-004,PCT-CP-002:PCT-QL-004:PCT-004:en:451,PCT-CP-002,PCT-QL-004,5,5,5,5,3,4,5,PASS,Reads naturally and feels close to an exam-book stem.
PCT-004,PCT-CP-009:PCT-QL-018:PCT-004:en:378,PCT-CP-009,PCT-QL-018,5,5,5,5,3,4,5,PASS,Reads naturally and feels close to an exam-book stem.
PCT-004,PCT-CP-007:PCT-QL-013:PCT-004:en:386,PCT-CP-007,PCT-QL-013,4,4,4,5,4,5,5,PASS,Reads naturally and feels close to an exam-book stem.
PCT-004,PCT-CP-001:PCT-QL-002:PCT-004:en:370,PCT-CP-001,PCT-QL-002,5,5,5,5,3,4,5,PASS,Reads naturally and feels close to an exam-book stem.
PCT-004,PCT-CP-002:PCT-QL-004:PCT-004:en:211,PCT-CP-002,PCT-QL-004,5,5,5,5,3,4,5,PASS,Reads naturally and feels close to an exam-book stem.
PCT-004,PCT-CP-008:PCT-QL-015:PCT-004:en:147,PCT-CP-008,PCT-QL-015,4,5,5,5,4,4,5,PASS,Reads naturally and feels close to an exam-book stem.
PCT-004,PCT-CP-008:PCT-QL-015:PCT-004:en:187,PCT-CP-008,PCT-QL-015,4,5,5,5,4,4,5,PASS,Reads naturally and feels close to an exam-book stem.
PCT-004,PCT-CP-004:PCT-QL-008:PCT-004:en:473,PCT-CP-004,PCT-QL-008,5,5,5,5,4,4,4,PASS,Reads naturally and feels close to an exam-book stem.
PCT-004,PCT-CP-009:PCT-QL-018:PCT-004:en:318,PCT-CP-009,PCT-QL-018,5,5,5,5,3,4,5,PASS,Reads naturally and feels close to an exam-book stem.
PCT-004,PCT-CP-009:PCT-QL-018:PCT-004:en:398,PCT-CP-009,PCT-QL-018,5,5,5,5,3,4,5,PASS,Reads naturally and feels close to an exam-book stem.
PCT-004,PCT-CP-010:PCT-QL-020:PCT-004:en:359,PCT-CP-010,PCT-QL-020,4,2,5,2,3,4,4,REWRITE,"The stem is clear, but the context is generic rather than exam-familiar."
PCT-004,PCT-CP-002:PCT-QL-003:PCT-004:en:441,PCT-CP-002,PCT-QL-003,5,5,5,5,3,4,5,PASS,Reads naturally and feels close to an exam-book stem.
PCT-004,PCT-CP-009:PCT-QL-017:PCT-004:en:488,PCT-CP-009,PCT-QL-017,5,5,5,5,3,4,5,PASS,Reads naturally and feels close to an exam-book stem.
PCT-004,PCT-CP-009:PCT-QL-017:PCT-004:en:408,PCT-CP-009,PCT-QL-017,5,5,5,5,3,4,5,PASS,Reads naturally and feels close to an exam-book stem.
PCT-004,PCT-CP-003:PCT-QL-006:PCT-004:en:132,PCT-CP-003,PCT-QL-006,5,5,5,5,4,4,5,PASS,Reads naturally and feels close to an exam-book stem.
PCT-004,PCT-CP-002:PCT-QL-004:PCT-004:en:391,PCT-CP-002,PCT-QL-004,5,5,5,5,3,4,5,PASS,Reads naturally and feels close to an exam-book stem.
PCT-004,PCT-CP-005:PCT-QL-009:PCT-004:en:24,PCT-CP-005,PCT-QL-009,5,5,5,5,3,5,5,PASS,Reads naturally and feels close to an exam-book stem.
PCT-004,PCT-CP-005:PCT-QL-009:PCT-004:en:64,PCT-CP-005,PCT-QL-009,5,5,5,5,3,5,5,PASS,Reads naturally and feels close to an exam-book stem.
PCT-004,PCT-CP-009:PCT-QL-018:PCT-004:en:58,PCT-CP-009,PCT-QL-018,5,5,5,5,3,4,5,PASS,Reads naturally and feels close to an exam-book stem.
PCT-004,PCT-CP-005:PCT-QL-010:PCT-004:en:14,PCT-CP-005,PCT-QL-010,5,5,5,5,3,5,5,PASS,Reads naturally and feels close to an exam-book stem.
PCT-004,PCT-CP-010:PCT-QL-020:PCT-004:en:339,PCT-CP-010,PCT-QL-020,4,2,5,2,3,4,4,REWRITE,"The stem is clear, but the context is generic rather than exam-familiar."
PCT-004,PCT-CP-009:PCT-QL-017:PCT-004:en:468,PCT-CP-009,PCT-QL-017,5,5,5,5,3,4,5,PASS,Reads naturally and feels close to an exam-book stem.
PCT-004,PCT-CP-010:PCT-QL-019:PCT-004:en:169,PCT-CP-010,PCT-QL-019,5,5,5,5,3,4,5,PASS,Reads naturally and feels close to an exam-book stem.
PCT-004,PCT-CP-002:PCT-QL-003:PCT-004:en:41,PCT-CP-002,PCT-QL-003,5,5,5,5,3,4,5,PASS,Reads naturally and feels close to an exam-book stem.
PCT-004,PCT-CP-006:PCT-QL-012:PCT-004:en:375,PCT-CP-006,PCT-QL-012,5,5,5,5,3,5,4,PASS,Reads naturally and feels close to an exam-book stem.
PCT-004,PCT-CP-007:PCT-QL-014:PCT-004:en:16,PCT-CP-007,PCT-QL-014,4,4,4,5,4,5,5,PASS,Reads naturally and feels close to an exam-book stem.
PCT-004,PCT-CP-008:PCT-QL-016:PCT-004:en:277,PCT-CP-008,PCT-QL-016,4,2,5,2,3,4,4,REWRITE,"The stem is clear, but the context is generic rather than exam-familiar."
PCT-004,PCT-CP-007:PCT-QL-014:PCT-004:en:76,PCT-CP-007,PCT-QL-014,4,4,4,5,4,5,5,PASS,Reads naturally and feels close to an exam-book stem.
PCT-004,PCT-CP-001:PCT-QL-002:PCT-004:en:170,PCT-CP-001,PCT-QL-002,5,5,5,5,3,4,5,PASS,Reads naturally and feels close to an exam-book stem.
PCT-004,PCT-CP-009:PCT-QL-018:PCT-004:en:78,PCT-CP-009,PCT-QL-018,5,5,5,5,3,4,5,PASS,Reads naturally and feels close to an exam-book stem.
PCT-004,PCT-CP-003:PCT-QL-005:PCT-004:en:382,PCT-CP-003,PCT-QL-005,4,2,5,2,3,4,4,REWRITE,"The stem is clear, but the context is generic rather than exam-familiar."
PCT-004,PCT-CP-005:PCT-QL-009:PCT-004:en:104,PCT-CP-005,PCT-QL-009,5,5,5,5,3,5,5,PASS,Reads naturally and feels close to an exam-book stem.
PCT-004,PCT-CP-003:PCT-QL-005:PCT-004:en:322,PCT-CP-003,PCT-QL-005,4,2,5,2,3,4,4,REWRITE,"The stem is clear, but the context is generic rather than exam-familiar."
PCT-004,PCT-CP-005:PCT-QL-010:PCT-004:en:74,PCT-CP-005,PCT-QL-010,5,5,5,5,3,5,5,PASS,Reads naturally and feels close to an exam-book stem.
PCT-004,PCT-CP-010:PCT-QL-020:PCT-004:en:319,PCT-CP-010,PCT-QL-020,4,2,5,2,3,4,4,REWRITE,"The stem is clear, but the context is generic rather than exam-familiar."
PCT-004,PCT-CP-009:PCT-QL-017:PCT-004:en:448,PCT-CP-009,PCT-QL-017,5,5,5,5,3,4,5,PASS,Reads naturally and feels close to an exam-book stem.
PCT-004,PCT-CP-002:PCT-QL-004:PCT-004:en:271,PCT-CP-002,PCT-QL-004,5,5,5,5,3,4,5,PASS,Reads naturally and feels close to an exam-book stem.
PCT-004,PCT-CP-004:PCT-QL-008:PCT-004:en:13,PCT-CP-004,PCT-QL-008,5,5,5,5,4,4,4,PASS,Reads naturally and feels close to an exam-book stem.
PCT-004,PCT-CP-010:PCT-QL-019:PCT-004:en:189,PCT-CP-010,PCT-QL-019,5,5,5,5,3,4,5,PASS,Reads naturally and feels close to an exam-book stem.
PCT-004,PCT-CP-010:PCT-QL-019:PCT-004:en:109,PCT-CP-010,PCT-QL-019,5,5,5,5,3,4,5,PASS,Reads naturally and feels close to an exam-book stem.
PCT-004,PCT-CP-007:PCT-QL-013:PCT-004:en:326,PCT-CP-007,PCT-QL-013,4,4,4,5,4,5,5,PASS,Reads naturally and feels close to an exam-book stem.
PCT-004,PCT-CP-007:PCT-QL-013:PCT-004:en:346,PCT-CP-007,PCT-QL-013,4,4,4,5,4,5,5,PASS,Reads naturally and feels close to an exam-book stem.
PCT-004,PCT-CP-006:PCT-QL-012:PCT-004:en:435,PCT-CP-006,PCT-QL-012,5,5,5,5,3,5,4,PASS,Reads naturally and feels close to an exam-book stem.
PCT-004,PCT-CP-008:PCT-QL-015:PCT-004:en:167,PCT-CP-008,PCT-QL-015,4,5,5,5,4,4,5,PASS,Reads naturally and feels close to an exam-book stem.
PCT-004,PCT-CP-010:PCT-QL-020:PCT-004:en:499,PCT-CP-010,PCT-QL-020,4,2,5,2,3,4,4,REWRITE,"The stem is clear, but the context is generic rather than exam-familiar."
PCT-004,PCT-CP-010:PCT-QL-020:PCT-004:en:419,PCT-CP-010,PCT-QL-020,4,2,5,2,3,4,4,REWRITE,"The stem is clear, but the context is generic rather than exam-familiar."
PCT-004,PCT-CP-006:PCT-QL-011:PCT-004:en:5,PCT-CP-006,PCT-QL-011,5,5,5,5,3,5,4,PASS,Reads naturally and feels close to an exam-book stem.
PCT-004,PCT-CP-005:PCT-QL-009:PCT-004:en:84,PCT-CP-005,PCT-QL-009,5,5,5,5,3,5,5,PASS,Reads naturally and feels close to an exam-book stem.
PCT-004,PCT-CP-006:PCT-QL-011:PCT-004:en:345,PCT-CP-006,PCT-QL-011,5,5,5,5,3,5,4,PASS,Reads naturally and feels close to an exam-book stem.
PCT-004,PCT-CP-009:PCT-QL-017:PCT-004:en:68,PCT-CP-009,PCT-QL-017,5,5,5,5,3,4,5,PASS,Reads naturally and feels close to an exam-book stem.
PCT-004,PCT-CP-007:PCT-QL-014:PCT-004:en:476,PCT-CP-007,PCT-QL-014,4,4,4,5,4,5,5,PASS,Reads naturally and feels close to an exam-book stem.
PCT-004,PCT-CP-002:PCT-QL-004:PCT-004:en:171,PCT-CP-002,PCT-QL-004,5,5,5,5,3,4,5,PASS,Reads naturally and feels close to an exam-book stem.
PCT-004,PCT-CP-003:PCT-QL-005:PCT-004:en:242,PCT-CP-003,PCT-QL-005,4,2,5,2,3,4,4,REWRITE,"The stem is clear, but the context is generic rather than exam-familiar."
PCT-004,PCT-CP-003:PCT-QL-006:PCT-004:en:112,PCT-CP-003,PCT-QL-006,5,5,5,5,4,4,5,PASS,Reads naturally and feels close to an exam-book stem.
PCT-004,PCT-CP-001:PCT-QL-001:PCT-004:en:360,PCT-CP-001,PCT-QL-001,5,5,5,5,3,4,5,PASS,Reads naturally and feels close to an exam-book stem.
PCT-004,PCT-CP-010:PCT-QL-020:PCT-004:en:479,PCT-CP-010,PCT-QL-020,4,2,5,2,3,4,4,REWRITE,"The stem is clear, but the context is generic rather than exam-familiar."
PCT-004,PCT-CP-003:PCT-QL-006:PCT-004:en:292,PCT-CP-003,PCT-QL-006,5,5,5,5,4,4,5,PASS,Reads naturally and feels close to an exam-book stem.
PCT-004,PCT-CP-001:PCT-QL-002:PCT-004:en:110,PCT-CP-001,PCT-QL-002,5,5,5,5,3,4,5,PASS,Reads naturally and feels close to an exam-book stem.
PCT-004,PCT-CP-006:PCT-QL-011:PCT-004:en:325,PCT-CP-006,PCT-QL-011,5,5,5,5,3,5,4,PASS,Reads naturally and feels close to an exam-book stem.
PCT-004,PCT-CP-005:PCT-QL-010:PCT-004:en:114,PCT-CP-005,PCT-QL-010,5,5,5,5,3,5,5,PASS,Reads naturally and feels close to an exam-book stem.
PCT-004,PCT-CP-009:PCT-QL-017:PCT-004:en:88,PCT-CP-009,PCT-QL-017,5,5,5,5,3,4,5,PASS,Reads naturally and feels close to an exam-book stem.
PCT-004,PCT-CP-002:PCT-QL-003:PCT-004:en:461,PCT-CP-002,PCT-QL-003,5,5,5,5,3,4,5,PASS,Reads naturally and feels close to an exam-book stem.
PCT-004,PCT-CP-002:PCT-QL-004:PCT-004:en:111,PCT-CP-002,PCT-QL-004,5,5,5,5,3,4,5,PASS,Reads naturally and feels close to an exam-book stem.
PCT-004,PCT-CP-009:PCT-QL-018:PCT-004:en:258,PCT-CP-009,PCT-QL-018,5,5,5,5,3,4,5,PASS,Reads naturally and feels close to an exam-book stem.
PCT-004,PCT-CP-008:PCT-QL-016:PCT-004:en:257,PCT-CP-008,PCT-QL-016,4,2,5,2,3,4,4,REWRITE,"The stem is clear, but the context is generic rather than exam-familiar."
PCT-004,PCT-CP-007:PCT-QL-014:PCT-004:en:36,PCT-CP-007,PCT-QL-014,4,4,4,5,4,5,5,PASS,Reads naturally and feels close to an exam-book stem.
PCT-004,PCT-CP-007:PCT-QL-014:PCT-004:en:96,PCT-CP-007,PCT-QL-014,4,4,4,5,4,5,5,PASS,Reads naturally and feels close to an exam-book stem.
PCT-004,PCT-CP-003:PCT-QL-005:PCT-004:en:62,PCT-CP-003,PCT-QL-005,4,2,5,2,3,4,4,REWRITE,"The stem is clear, but the context is generic rather than exam-familiar."
PCT-004,PCT-CP-005:PCT-QL-010:PCT-004:en:134,PCT-CP-005,PCT-QL-010,5,5,5,5,3,5,5,PASS,Reads naturally and feels close to an exam-book stem.
PCT-004,PCT-CP-005:PCT-QL-010:PCT-004:en:174,PCT-CP-005,PCT-QL-010,5,5,5,5,3,5,5,PASS,Reads naturally and feels close to an exam-book stem.
PCT-004,PCT-CP-010:PCT-QL-019:PCT-004:en:289,PCT-CP-010,PCT-QL-019,5,5,5,5,3,4,5,PASS,Reads naturally and feels close to an exam-book stem.
PCT-004,PCT-CP-009:PCT-QL-018:PCT-004:en:238,PCT-CP-009,PCT-QL-018,5,5,5,5,3,4,5,PASS,Reads naturally and feels close to an exam-book stem.
PCT-004,PCT-CP-006:PCT-QL-012:PCT-004:en:455,PCT-CP-006,PCT-QL-012,5,5,5,5,3,5,4,PASS,Reads naturally and feels close to an exam-book stem.
PCT-004,PCT-CP-006:PCT-QL-012:PCT-004:en:495,PCT-CP-006,PCT-QL-012,5,5,5,5,3,5,4,PASS,Reads naturally and feels close to an exam-book stem.
PCT-004,PCT-CP-008:PCT-QL-016:PCT-004:en:357,PCT-CP-008,PCT-QL-016,4,2,5,2,3,4,4,REWRITE,"The stem is clear, but the context is generic rather than exam-familiar."
PCT-004,PCT-CP-010:PCT-QL-020:PCT-004:en:439,PCT-CP-010,PCT-QL-020,4,2,5,2,3,4,4,REWRITE,"The stem is clear, but the context is generic rather than exam-familiar."
PCT-004,PCT-CP-010:PCT-QL-019:PCT-004:en:229,PCT-CP-010,PCT-QL-019,5,5,5,5,3,4,5,PASS,Reads naturally and feels close to an exam-book stem.
PCT-004,PCT-CP-003:PCT-QL-005:PCT-004:en:462,PCT-CP-003,PCT-QL-005,4,2,5,2,3,4,4,REWRITE,"The stem is clear, but the context is generic rather than exam-familiar."
PCT-004,PCT-CP-009:PCT-QL-018:PCT-004:en:298,PCT-CP-009,PCT-QL-018,5,5,5,5,3,4,5,PASS,Reads naturally and feels close to an exam-book stem.
PCT-004,PCT-CP-003:PCT-QL-005:PCT-004:en:42,PCT-CP-003,PCT-QL-005,4,2,5,2,3,4,4,REWRITE,"The stem is clear, but the context is generic rather than exam-familiar."
PCT-004,PCT-CP-007:PCT-QL-014:PCT-004:en:496,PCT-CP-007,PCT-QL-014,4,4,4,5,4,5,5,PASS,Reads naturally and feels close to an exam-book stem.
PCT-004,PCT-CP-010:PCT-QL-019:PCT-004:en:249,PCT-CP-010,PCT-QL-019,5,5,5,5,3,4,5,PASS,Reads naturally and feels close to an exam-book stem.
PCT-004,PCT-CP-004:PCT-QL-008:PCT-004:en:193,PCT-CP-004,PCT-QL-008,5,5,5,5,4,4,4,PASS,Reads naturally and feels close to an exam-book stem.
PCT-004,PCT-CP-007:PCT-QL-014:PCT-004:en:356,PCT-CP-007,PCT-QL-014,4,4,4,5,4,5,5,PASS,Reads naturally and feels close to an exam-book stem.
PCT-004,PCT-CP-003:PCT-QL-005:PCT-004:en:222,PCT-CP-003,PCT-QL-005,4,2,5,2,3,4,4,REWRITE,"The stem is clear, but the context is generic rather than exam-familiar."
PCT-004,PCT-CP-007:PCT-QL-013:PCT-004:en:166,PCT-CP-007,PCT-QL-013,4,4,4,5,4,5,5,PASS,Reads naturally and feels close to an exam-book stem.
PCT-004,PCT-CP-006:PCT-QL-011:PCT-004:en:205,PCT-CP-006,PCT-QL-011,5,5,5,5,3,5,4,PASS,Reads naturally and feels close to an exam-book stem.
PCT-005,PCT-CP-005:PCT-QL-009:PCT-005:en:204,PCT-CP-005,PCT-QL-009,3,2,5,2,1,4,3,REWRITE,"The stem is clear, but the context is generic rather than exam-familiar. Feels too close to neighbouring templates in the same chapter. The explanation works mathematically, but it does not fully echo the stem/context."
PCT-005,PCT-CP-001:PCT-QL-002:PCT-005:en:330,PCT-CP-001,PCT-QL-002,5,5,5,5,1,5,4,NEEDS IMPROVEMENT,Feels too close to neighbouring templates in the same chapter.
PCT-005,PCT-CP-009:PCT-QL-018:PCT-005:en:158,PCT-CP-009,PCT-QL-018,3,2,3,2,1,3,3,REWRITE,"The stem is clear, but the context is generic rather than exam-familiar. Feels too close to neighbouring templates in the same chapter. Too much information is packed into one sentence for a one-read solve. The stem is usable, but distractor design would be fairly predictable. The explanation works mathematically, but it does not fully echo the stem/context."
PCT-005,PCT-CP-006:PCT-QL-012:PCT-005:en:115,PCT-CP-006,PCT-QL-012,3,2,5,2,1,4,3,REWRITE,"The stem is clear, but the context is generic rather than exam-familiar. Feels too close to neighbouring templates in the same chapter. The explanation works mathematically, but it does not fully echo the stem/context."
PCT-005,PCT-CP-005:PCT-QL-009:PCT-005:en:84,PCT-CP-005,PCT-QL-009,3,2,5,2,1,4,3,REWRITE,"The stem is clear, but the context is generic rather than exam-familiar. Feels too close to neighbouring templates in the same chapter. The explanation works mathematically, but it does not fully echo the stem/context."
PCT-005,PCT-CP-003:PCT-QL-005:PCT-005:en:442,PCT-CP-003,PCT-QL-005,3,2,5,2,1,4,3,REWRITE,"The stem is clear, but the context is generic rather than exam-familiar. Feels too close to neighbouring templates in the same chapter. The explanation works mathematically, but it does not fully echo the stem/context."
PCT-005,PCT-CP-010:PCT-QL-019:PCT-005:en:369,PCT-CP-010,PCT-QL-019,5,5,5,5,1,5,4,NEEDS IMPROVEMENT,Feels too close to neighbouring templates in the same chapter.
PCT-005,PCT-CP-001:PCT-QL-002:PCT-005:en:90,PCT-CP-001,PCT-QL-002,5,5,5,5,1,5,4,NEEDS IMPROVEMENT,Feels too close to neighbouring templates in the same chapter.
PCT-005,PCT-CP-004:PCT-QL-007:PCT-005:en:343,PCT-CP-004,PCT-QL-007,3,2,5,2,1,4,3,REWRITE,"The stem is clear, but the context is generic rather than exam-familiar. Feels too close to neighbouring templates in the same chapter. The explanation works mathematically, but it does not fully echo the stem/context."
PCT-005,PCT-CP-005:PCT-QL-009:PCT-005:en:24,PCT-CP-005,PCT-QL-009,3,2,5,2,1,4,3,REWRITE,"The stem is clear, but the context is generic rather than exam-familiar. Feels too close to neighbouring templates in the same chapter. The explanation works mathematically, but it does not fully echo the stem/context."
PCT-005,PCT-CP-005:PCT-QL-010:PCT-005:en:494,PCT-CP-005,PCT-QL-010,3,2,5,2,1,4,3,REWRITE,"The stem is clear, but the context is generic rather than exam-familiar. Feels too close to neighbouring templates in the same chapter. The explanation works mathematically, but it does not fully echo the stem/context."
PCT-005,PCT-CP-003:PCT-QL-005:PCT-005:en:242,PCT-CP-003,PCT-QL-005,3,2,5,2,1,4,3,REWRITE,"The stem is clear, but the context is generic rather than exam-familiar. Feels too close to neighbouring templates in the same chapter. The explanation works mathematically, but it does not fully echo the stem/context."
PCT-005,PCT-CP-006:PCT-QL-011:PCT-005:en:365,PCT-CP-006,PCT-QL-011,3,2,5,2,1,4,3,REWRITE,"The stem is clear, but the context is generic rather than exam-familiar. Feels too close to neighbouring templates in the same chapter. The explanation works mathematically, but it does not fully echo the stem/context."
PCT-005,PCT-CP-001:PCT-QL-001:PCT-005:en:220,PCT-CP-001,PCT-QL-001,3,2,5,2,1,4,3,REWRITE,"The stem is clear, but the context is generic rather than exam-familiar. Feels too close to neighbouring templates in the same chapter. The explanation works mathematically, but it does not fully echo the stem/context."
PCT-005,PCT-CP-009:PCT-QL-017:PCT-005:en:48,PCT-CP-009,PCT-QL-017,3,2,4,2,1,3,3,REWRITE,"The stem is clear, but the context is generic rather than exam-familiar. Feels too close to neighbouring templates in the same chapter. The stem is usable, but distractor design would be fairly predictable. The explanation works mathematically, but it does not fully echo the stem/context."
PCT-005,PCT-CP-005:PCT-QL-009:PCT-005:en:464,PCT-CP-005,PCT-QL-009,3,2,5,2,1,4,3,REWRITE,"The stem is clear, but the context is generic rather than exam-familiar. Feels too close to neighbouring templates in the same chapter. The explanation works mathematically, but it does not fully echo the stem/context."
PCT-005,PCT-CP-001:PCT-QL-002:PCT-005:en:310,PCT-CP-001,PCT-QL-002,5,5,5,5,1,5,4,NEEDS IMPROVEMENT,Feels too close to neighbouring templates in the same chapter.
PCT-005,PCT-CP-008:PCT-QL-015:PCT-005:en:7,PCT-CP-008,PCT-QL-015,4,1,2,2,2,5,3,REWRITE,"The stem is clear, but the context is generic rather than exam-familiar. Feels too close to neighbouring templates in the same chapter. Too much information is packed into one sentence for a one-read solve. The explanation works mathematically, but it does not fully echo the stem/context."
PCT-005,PCT-CP-006:PCT-QL-011:PCT-005:en:385,PCT-CP-006,PCT-QL-011,3,2,5,2,1,4,3,REWRITE,"The stem is clear, but the context is generic rather than exam-familiar. Feels too close to neighbouring templates in the same chapter. The explanation works mathematically, but it does not fully echo the stem/context."
PCT-005,PCT-CP-003:PCT-QL-005:PCT-005:en:222,PCT-CP-003,PCT-QL-005,3,2,5,2,1,4,3,REWRITE,"The stem is clear, but the context is generic rather than exam-familiar. Feels too close to neighbouring templates in the same chapter. The explanation works mathematically, but it does not fully echo the stem/context."
PCT-005,PCT-CP-002:PCT-QL-004:PCT-005:en:71,PCT-CP-002,PCT-QL-004,5,5,5,5,1,5,4,NEEDS IMPROVEMENT,Feels too close to neighbouring templates in the same chapter.
PCT-005,PCT-CP-008:PCT-QL-016:PCT-005:en:157,PCT-CP-008,PCT-QL-016,4,4,2,5,3,5,4,NEEDS IMPROVEMENT,Too much information is packed into one sentence for a one-read solve.
PCT-005,PCT-CP-003:PCT-QL-005:PCT-005:en:382,PCT-CP-003,PCT-QL-005,3,2,5,2,1,4,3,REWRITE,"The stem is clear, but the context is generic rather than exam-familiar. Feels too close to neighbouring templates in the same chapter. The explanation works mathematically, but it does not fully echo the stem/context."
PCT-005,PCT-CP-008:PCT-QL-016:PCT-005:en:137,PCT-CP-008,PCT-QL-016,4,4,2,5,3,5,4,NEEDS IMPROVEMENT,Too much information is packed into one sentence for a one-read solve.
PCT-005,PCT-CP-008:PCT-QL-016:PCT-005:en:197,PCT-CP-008,PCT-QL-016,4,4,2,5,3,5,4,NEEDS IMPROVEMENT,Too much information is packed into one sentence for a one-read solve.
PCT-005,PCT-CP-005:PCT-QL-009:PCT-005:en:284,PCT-CP-005,PCT-QL-009,3,2,5,2,1,4,3,REWRITE,"The stem is clear, but the context is generic rather than exam-familiar. Feels too close to neighbouring templates in the same chapter. The explanation works mathematically, but it does not fully echo the stem/context."
PCT-005,PCT-CP-001:PCT-QL-001:PCT-005:en:40,PCT-CP-001,PCT-QL-001,3,2,5,2,1,4,3,REWRITE,"The stem is clear, but the context is generic rather than exam-familiar. Feels too close to neighbouring templates in the same chapter. The explanation works mathematically, but it does not fully echo the stem/context."
PCT-005,PCT-CP-005:PCT-QL-009:PCT-005:en:344,PCT-CP-005,PCT-QL-009,3,2,5,2,1,4,3,REWRITE,"The stem is clear, but the context is generic rather than exam-familiar. Feels too close to neighbouring templates in the same chapter. The explanation works mathematically, but it does not fully echo the stem/context."
PCT-005,PCT-CP-005:PCT-QL-009:PCT-005:en:404,PCT-CP-005,PCT-QL-009,3,2,5,2,1,4,3,REWRITE,"The stem is clear, but the context is generic rather than exam-familiar. Feels too close to neighbouring templates in the same chapter. The explanation works mathematically, but it does not fully echo the stem/context."
PCT-005,PCT-CP-001:PCT-QL-001:PCT-005:en:0,PCT-CP-001,PCT-QL-001,3,2,5,2,1,4,3,REWRITE,"The stem is clear, but the context is generic rather than exam-familiar. Feels too close to neighbouring templates in the same chapter. The explanation works mathematically, but it does not fully echo the stem/context."
PCT-005,PCT-CP-005:PCT-QL-010:PCT-005:en:434,PCT-CP-005,PCT-QL-010,3,2,5,2,1,4,3,REWRITE,"The stem is clear, but the context is generic rather than exam-familiar. Feels too close to neighbouring templates in the same chapter. The explanation works mathematically, but it does not fully echo the stem/context."
PCT-005,PCT-CP-004:PCT-QL-007:PCT-005:en:103,PCT-CP-004,PCT-QL-007,3,2,5,2,1,4,3,REWRITE,"The stem is clear, but the context is generic rather than exam-familiar. Feels too close to neighbouring templates in the same chapter. The explanation works mathematically, but it does not fully echo the stem/context."
PCT-005,PCT-CP-009:PCT-QL-018:PCT-005:en:478,PCT-CP-009,PCT-QL-018,3,2,3,2,1,3,3,REWRITE,"The stem is clear, but the context is generic rather than exam-familiar. Feels too close to neighbouring templates in the same chapter. Too much information is packed into one sentence for a one-read solve. The stem is usable, but distractor design would be fairly predictable. The explanation works mathematically, but it does not fully echo the stem/context."
PCT-005,PCT-CP-001:PCT-QL-002:PCT-005:en:10,PCT-CP-001,PCT-QL-002,5,5,5,5,1,5,4,NEEDS IMPROVEMENT,Feels too close to neighbouring templates in the same chapter.
PCT-005,PCT-CP-007:PCT-QL-013:PCT-005:en:106,PCT-CP-007,PCT-QL-013,4,2,5,2,2,4,3,REWRITE,"The stem is clear, but the context is generic rather than exam-familiar. Feels too close to neighbouring templates in the same chapter. The explanation works mathematically, but it does not fully echo the stem/context."
PCT-005,PCT-CP-009:PCT-QL-017:PCT-005:en:88,PCT-CP-009,PCT-QL-017,3,2,4,2,1,3,3,REWRITE,"The stem is clear, but the context is generic rather than exam-familiar. Feels too close to neighbouring templates in the same chapter. The stem is usable, but distractor design would be fairly predictable. The explanation works mathematically, but it does not fully echo the stem/context."
PCT-005,PCT-CP-002:PCT-QL-004:PCT-005:en:191,PCT-CP-002,PCT-QL-004,5,5,5,5,1,5,4,NEEDS IMPROVEMENT,Feels too close to neighbouring templates in the same chapter.
PCT-005,PCT-CP-010:PCT-QL-019:PCT-005:en:229,PCT-CP-010,PCT-QL-019,5,5,5,5,1,5,4,NEEDS IMPROVEMENT,Feels too close to neighbouring templates in the same chapter.
PCT-005,PCT-CP-005:PCT-QL-010:PCT-005:en:454,PCT-CP-005,PCT-QL-010,3,2,5,2,1,4,3,REWRITE,"The stem is clear, but the context is generic rather than exam-familiar. Feels too close to neighbouring templates in the same chapter. The explanation works mathematically, but it does not fully echo the stem/context."
PCT-005,PCT-CP-007:PCT-QL-013:PCT-005:en:86,PCT-CP-007,PCT-QL-013,4,2,5,2,2,4,3,REWRITE,"The stem is clear, but the context is generic rather than exam-familiar. Feels too close to neighbouring templates in the same chapter. The explanation works mathematically, but it does not fully echo the stem/context."
PCT-005,PCT-CP-004:PCT-QL-007:PCT-005:en:243,PCT-CP-004,PCT-QL-007,3,2,5,2,1,4,3,REWRITE,"The stem is clear, but the context is generic rather than exam-familiar. Feels too close to neighbouring templates in the same chapter. The explanation works mathematically, but it does not fully echo the stem/context."
PCT-005,PCT-CP-003:PCT-QL-005:PCT-005:en:322,PCT-CP-003,PCT-QL-005,3,2,5,2,1,4,3,REWRITE,"The stem is clear, but the context is generic rather than exam-familiar. Feels too close to neighbouring templates in the same chapter. The explanation works mathematically, but it does not fully echo the stem/context."
PCT-005,PCT-CP-009:PCT-QL-017:PCT-005:en:68,PCT-CP-009,PCT-QL-017,3,2,4,2,1,3,3,REWRITE,"The stem is clear, but the context is generic rather than exam-familiar. Feels too close to neighbouring templates in the same chapter. The stem is usable, but distractor design would be fairly predictable. The explanation works mathematically, but it does not fully echo the stem/context."
PCT-005,PCT-CP-002:PCT-QL-003:PCT-005:en:21,PCT-CP-002,PCT-QL-003,5,5,5,5,1,5,4,NEEDS IMPROVEMENT,Feels too close to neighbouring templates in the same chapter.
PCT-005,PCT-CP-009:PCT-QL-018:PCT-005:en:58,PCT-CP-009,PCT-QL-018,3,2,3,2,1,3,3,REWRITE,"The stem is clear, but the context is generic rather than exam-familiar. Feels too close to neighbouring templates in the same chapter. Too much information is packed into one sentence for a one-read solve. The stem is usable, but distractor design would be fairly predictable. The explanation works mathematically, but it does not fully echo the stem/context."
PCT-005,PCT-CP-001:PCT-QL-001:PCT-005:en:300,PCT-CP-001,PCT-QL-001,3,2,5,2,1,4,3,REWRITE,"The stem is clear, but the context is generic rather than exam-familiar. Feels too close to neighbouring templates in the same chapter. The explanation works mathematically, but it does not fully echo the stem/context."
PCT-005,PCT-CP-010:PCT-QL-019:PCT-005:en:249,PCT-CP-010,PCT-QL-019,5,5,5,5,1,5,4,NEEDS IMPROVEMENT,Feels too close to neighbouring templates in the same chapter.
PCT-005,PCT-CP-001:PCT-QL-002:PCT-005:en:210,PCT-CP-001,PCT-QL-002,5,5,5,5,1,5,4,NEEDS IMPROVEMENT,Feels too close to neighbouring templates in the same chapter.
PCT-005,PCT-CP-002:PCT-QL-004:PCT-005:en:51,PCT-CP-002,PCT-QL-004,5,5,5,5,1,5,4,NEEDS IMPROVEMENT,Feels too close to neighbouring templates in the same chapter.
PCT-005,PCT-CP-002:PCT-QL-003:PCT-005:en:341,PCT-CP-002,PCT-QL-003,5,5,5,5,1,5,4,NEEDS IMPROVEMENT,Feels too close to neighbouring templates in the same chapter.
PCT-005,PCT-CP-001:PCT-QL-001:PCT-005:en:20,PCT-CP-001,PCT-QL-001,3,2,5,2,1,4,3,REWRITE,"The stem is clear, but the context is generic rather than exam-familiar. Feels too close to neighbouring templates in the same chapter. The explanation works mathematically, but it does not fully echo the stem/context."
PCT-005,PCT-CP-001:PCT-QL-002:PCT-005:en:390,PCT-CP-001,PCT-QL-002,5,5,5,5,1,5,4,NEEDS IMPROVEMENT,Feels too close to neighbouring templates in the same chapter.
PCT-005,PCT-CP-005:PCT-QL-010:PCT-005:en:254,PCT-CP-005,PCT-QL-010,3,2,5,2,1,4,3,REWRITE,"The stem is clear, but the context is generic rather than exam-familiar. Feels too close to neighbouring templates in the same chapter. The explanation works mathematically, but it does not fully echo the stem/context."
PCT-005,PCT-CP-009:PCT-QL-018:PCT-005:en:458,PCT-CP-009,PCT-QL-018,3,2,3,2,1,3,3,REWRITE,"The stem is clear, but the context is generic rather than exam-familiar. Feels too close to neighbouring templates in the same chapter. Too much information is packed into one sentence for a one-read solve. The stem is usable, but distractor design would be fairly predictable. The explanation works mathematically, but it does not fully echo the stem/context."
PCT-005,PCT-CP-001:PCT-QL-002:PCT-005:en:70,PCT-CP-001,PCT-QL-002,5,5,5,5,1,5,4,NEEDS IMPROVEMENT,Feels too close to neighbouring templates in the same chapter.
PCT-005,PCT-CP-003:PCT-QL-005:PCT-005:en:302,PCT-CP-003,PCT-QL-005,3,2,5,2,1,4,3,REWRITE,"The stem is clear, but the context is generic rather than exam-familiar. Feels too close to neighbouring templates in the same chapter. The explanation works mathematically, but it does not fully echo the stem/context."
PCT-005,PCT-CP-005:PCT-QL-009:PCT-005:en:484,PCT-CP-005,PCT-QL-009,3,2,5,2,1,4,3,REWRITE,"The stem is clear, but the context is generic rather than exam-familiar. Feels too close to neighbouring templates in the same chapter. The explanation works mathematically, but it does not fully echo the stem/context."
PCT-005,PCT-CP-010:PCT-QL-019:PCT-005:en:109,PCT-CP-010,PCT-QL-019,5,5,5,5,1,5,4,NEEDS IMPROVEMENT,Feels too close to neighbouring templates in the same chapter.
PCT-005,PCT-CP-010:PCT-QL-019:PCT-005:en:189,PCT-CP-010,PCT-QL-019,5,5,5,5,1,5,4,NEEDS IMPROVEMENT,Feels too close to neighbouring templates in the same chapter.
PCT-005,PCT-CP-002:PCT-QL-003:PCT-005:en:221,PCT-CP-002,PCT-QL-003,5,5,5,5,1,5,4,NEEDS IMPROVEMENT,Feels too close to neighbouring templates in the same chapter.
PCT-005,PCT-CP-010:PCT-QL-020:PCT-005:en:79,PCT-CP-010,PCT-QL-020,5,5,5,5,1,4,4,NEEDS IMPROVEMENT,Feels too close to neighbouring templates in the same chapter.
PCT-005,PCT-CP-005:PCT-QL-010:PCT-005:en:274,PCT-CP-005,PCT-QL-010,3,2,5,2,1,4,3,REWRITE,"The stem is clear, but the context is generic rather than exam-familiar. Feels too close to neighbouring templates in the same chapter. The explanation works mathematically, but it does not fully echo the stem/context."
PCT-005,PCT-CP-002:PCT-QL-004:PCT-005:en:91,PCT-CP-002,PCT-QL-004,5,5,5,5,1,5,4,NEEDS IMPROVEMENT,Feels too close to neighbouring templates in the same chapter.
PCT-005,PCT-CP-005:PCT-QL-010:PCT-005:en:234,PCT-CP-005,PCT-QL-010,3,2,5,2,1,4,3,REWRITE,"The stem is clear, but the context is generic rather than exam-familiar. Feels too close to neighbouring templates in the same chapter. The explanation works mathematically, but it does not fully echo the stem/context."
PCT-005,PCT-CP-004:PCT-QL-007:PCT-005:en:183,PCT-CP-004,PCT-QL-007,3,2,5,2,1,4,3,REWRITE,"The stem is clear, but the context is generic rather than exam-familiar. Feels too close to neighbouring templates in the same chapter. The explanation works mathematically, but it does not fully echo the stem/context."
PCT-005,PCT-CP-007:PCT-QL-013:PCT-005:en:126,PCT-CP-007,PCT-QL-013,4,2,5,2,2,4,3,REWRITE,"The stem is clear, but the context is generic rather than exam-familiar. Feels too close to neighbouring templates in the same chapter. The explanation works mathematically, but it does not fully echo the stem/context."
PCT-005,PCT-CP-007:PCT-QL-013:PCT-005:en:186,PCT-CP-007,PCT-QL-013,4,2,5,2,2,4,3,REWRITE,"The stem is clear, but the context is generic rather than exam-familiar. Feels too close to neighbouring templates in the same chapter. The explanation works mathematically, but it does not fully echo the stem/context."
PCT-005,PCT-CP-001:PCT-QL-002:PCT-005:en:490,PCT-CP-001,PCT-QL-002,5,5,5,5,1,5,4,NEEDS IMPROVEMENT,Feels too close to neighbouring templates in the same chapter.
PCT-005,PCT-CP-008:PCT-QL-016:PCT-005:en:57,PCT-CP-008,PCT-QL-016,4,4,2,5,3,5,4,NEEDS IMPROVEMENT,Too much information is packed into one sentence for a one-read solve.
PCT-005,PCT-CP-008:PCT-QL-016:PCT-005:en:37,PCT-CP-008,PCT-QL-016,4,4,2,5,3,5,4,NEEDS IMPROVEMENT,Too much information is packed into one sentence for a one-read solve.
PCT-005,PCT-CP-001:PCT-QL-001:PCT-005:en:320,PCT-CP-001,PCT-QL-001,3,2,5,2,1,4,3,REWRITE,"The stem is clear, but the context is generic rather than exam-familiar. Feels too close to neighbouring templates in the same chapter. The explanation works mathematically, but it does not fully echo the stem/context."
PCT-005,PCT-CP-010:PCT-QL-020:PCT-005:en:59,PCT-CP-010,PCT-QL-020,5,5,5,5,1,4,4,NEEDS IMPROVEMENT,Feels too close to neighbouring templates in the same chapter.
PCT-005,PCT-CP-002:PCT-QL-003:PCT-005:en:281,PCT-CP-002,PCT-QL-003,5,5,5,5,1,5,4,NEEDS IMPROVEMENT,Feels too close to neighbouring templates in the same chapter.
PCT-005,PCT-CP-001:PCT-QL-002:PCT-005:en:230,PCT-CP-001,PCT-QL-002,5,5,5,5,1,5,4,NEEDS IMPROVEMENT,Feels too close to neighbouring templates in the same chapter.
PCT-005,PCT-CP-007:PCT-QL-013:PCT-005:en:26,PCT-CP-007,PCT-QL-013,4,2,5,2,2,4,3,REWRITE,"The stem is clear, but the context is generic rather than exam-familiar. Feels too close to neighbouring templates in the same chapter. The explanation works mathematically, but it does not fully echo the stem/context."
PCT-005,PCT-CP-007:PCT-QL-013:PCT-005:en:46,PCT-CP-007,PCT-QL-013,4,2,5,2,2,4,3,REWRITE,"The stem is clear, but the context is generic rather than exam-familiar. Feels too close to neighbouring templates in the same chapter. The explanation works mathematically, but it does not fully echo the stem/context."
PCT-005,PCT-CP-002:PCT-QL-003:PCT-005:en:321,PCT-CP-002,PCT-QL-003,5,5,5,5,1,5,4,NEEDS IMPROVEMENT,Feels too close to neighbouring templates in the same chapter.
PCT-005,PCT-CP-004:PCT-QL-008:PCT-005:en:413,PCT-CP-004,PCT-QL-008,5,5,5,5,1,5,4,NEEDS IMPROVEMENT,Feels too close to neighbouring templates in the same chapter.
PCT-005,PCT-CP-001:PCT-QL-002:PCT-005:en:290,PCT-CP-001,PCT-QL-002,5,5,5,5,1,5,4,NEEDS IMPROVEMENT,Feels too close to neighbouring templates in the same chapter.
PCT-005,PCT-CP-001:PCT-QL-001:PCT-005:en:480,PCT-CP-001,PCT-QL-001,3,2,5,2,1,4,3,REWRITE,"The stem is clear, but the context is generic rather than exam-familiar. Feels too close to neighbouring templates in the same chapter. The explanation works mathematically, but it does not fully echo the stem/context."
PCT-005,PCT-CP-002:PCT-QL-003:PCT-005:en:41,PCT-CP-002,PCT-QL-003,5,5,5,5,1,5,4,NEEDS IMPROVEMENT,Feels too close to neighbouring templates in the same chapter.
PCT-005,PCT-CP-009:PCT-QL-017:PCT-005:en:368,PCT-CP-009,PCT-QL-017,3,2,4,2,1,3,3,REWRITE,"The stem is clear, but the context is generic rather than exam-familiar. Feels too close to neighbouring templates in the same chapter. The stem is usable, but distractor design would be fairly predictable. The explanation works mathematically, but it does not fully echo the stem/context."
PCT-005,PCT-CP-010:PCT-QL-019:PCT-005:en:169,PCT-CP-010,PCT-QL-019,5,5,5,5,1,5,4,NEEDS IMPROVEMENT,Feels too close to neighbouring templates in the same chapter.
PCT-005,PCT-CP-010:PCT-QL-020:PCT-005:en:99,PCT-CP-010,PCT-QL-020,5,5,5,5,1,4,4,NEEDS IMPROVEMENT,Feels too close to neighbouring templates in the same chapter.
PCT-005,PCT-CP-006:PCT-QL-011:PCT-005:en:185,PCT-CP-006,PCT-QL-011,3,2,5,2,1,4,3,REWRITE,"The stem is clear, but the context is generic rather than exam-familiar. Feels too close to neighbouring templates in the same chapter. The explanation works mathematically, but it does not fully echo the stem/context."
PCT-005,PCT-CP-002:PCT-QL-004:PCT-005:en:171,PCT-CP-002,PCT-QL-004,5,5,5,5,1,5,4,NEEDS IMPROVEMENT,Feels too close to neighbouring templates in the same chapter.
PCT-005,PCT-CP-007:PCT-QL-014:PCT-005:en:76,PCT-CP-007,PCT-QL-014,4,2,5,2,2,4,3,REWRITE,"The stem is clear, but the context is generic rather than exam-familiar. Feels too close to neighbouring templates in the same chapter. The explanation works mathematically, but it does not fully echo the stem/context."
PCT-005,PCT-CP-006:PCT-QL-011:PCT-005:en:5,PCT-CP-006,PCT-QL-011,3,2,5,2,1,4,3,REWRITE,"The stem is clear, but the context is generic rather than exam-familiar. Feels too close to neighbouring templates in the same chapter. The explanation works mathematically, but it does not fully echo the stem/context."
PCT-005,PCT-CP-001:PCT-QL-001:PCT-005:en:440,PCT-CP-001,PCT-QL-001,3,2,5,2,1,4,3,REWRITE,"The stem is clear, but the context is generic rather than exam-familiar. Feels too close to neighbouring templates in the same chapter. The explanation works mathematically, but it does not fully echo the stem/context."
PCT-005,PCT-CP-006:PCT-QL-011:PCT-005:en:165,PCT-CP-006,PCT-QL-011,3,2,5,2,1,4,3,REWRITE,"The stem is clear, but the context is generic rather than exam-familiar. Feels too close to neighbouring templates in the same chapter. The explanation works mathematically, but it does not fully echo the stem/context."
PCT-005,PCT-CP-005:PCT-QL-010:PCT-005:en:394,PCT-CP-005,PCT-QL-010,3,2,5,2,1,4,3,REWRITE,"The stem is clear, but the context is generic rather than exam-familiar. Feels too close to neighbouring templates in the same chapter. The explanation works mathematically, but it does not fully echo the stem/context."
PCT-005,PCT-CP-005:PCT-QL-010:PCT-005:en:354,PCT-CP-005,PCT-QL-010,3,2,5,2,1,4,3,REWRITE,"The stem is clear, but the context is generic rather than exam-familiar. Feels too close to neighbouring templates in the same chapter. The explanation works mathematically, but it does not fully echo the stem/context."
PCT-005,PCT-CP-001:PCT-QL-002:PCT-005:en:410,PCT-CP-001,PCT-QL-002,5,5,5,5,1,5,4,NEEDS IMPROVEMENT,Feels too close to neighbouring templates in the same chapter.
PCT-005,PCT-CP-008:PCT-QL-016:PCT-005:en:397,PCT-CP-008,PCT-QL-016,4,4,2,5,3,5,4,NEEDS IMPROVEMENT,Too much information is packed into one sentence for a one-read solve.
PCT-005,PCT-CP-008:PCT-QL-016:PCT-005:en:337,PCT-CP-008,PCT-QL-016,4,4,2,5,3,5,4,NEEDS IMPROVEMENT,Too much information is packed into one sentence for a one-read solve.
PCT-005,PCT-CP-004:PCT-QL-008:PCT-005:en:293,PCT-CP-004,PCT-QL-008,5,5,5,5,1,5,4,NEEDS IMPROVEMENT,Feels too close to neighbouring templates in the same chapter.
PCT-005,PCT-CP-002:PCT-QL-003:PCT-005:en:201,PCT-CP-002,PCT-QL-003,5,5,5,5,1,5,4,NEEDS IMPROVEMENT,Feels too close to neighbouring templates in the same chapter.
PCT-005,PCT-CP-003:PCT-QL-005:PCT-005:en:182,PCT-CP-003,PCT-QL-005,3,2,5,2,1,4,3,REWRITE,"The stem is clear, but the context is generic rather than exam-familiar. Feels too close to neighbouring templates in the same chapter. The explanation works mathematically, but it does not fully echo the stem/context."
PCT-005,PCT-CP-004:PCT-QL-008:PCT-005:en:473,PCT-CP-004,PCT-QL-008,5,5,5,5,1,5,4,NEEDS IMPROVEMENT,Feels too close to neighbouring templates in the same chapter.
PCT-005,PCT-CP-004:PCT-QL-008:PCT-005:en:493,PCT-CP-004,PCT-QL-008,5,5,5,5,1,5,4,NEEDS IMPROVEMENT,Feels too close to neighbouring templates in the same chapter.